"sid","r","n_type","heterog","theta","theta1","theta2","C","n","w12","p11","p22","p12","pi0","pi1","mu0","mu1","sigma","B"
1,0.5,"Equal","None",0.5,0.5,0.5,10,10,-0.6,0.1,0.05,0.025,0.7,0.7,50,50,5,5000
2,0.5,"Equal","None",0.5,0.5,0.5,10,10,-0.6,0.1,0.05,0.025,0.7,0.7,50,50,5,5000
3,0.5,"Equal","None",0.5,0.5,0.5,10,10,-0.6,0.1,0.05,0.025,0.7,0.7,50,50,5,5000
4,0.5,"Equal","None",0.5,0.5,0.5,10,10,-0.6,0.1,0.05,0.025,0.7,0.7,50,50,5,5000
5,0.5,"Equal","None",0.5,0.5,0.5,10,10,-0.5,0.1,0.05,0.025,0.7,0.7,50,50,5,5000
6,0.5,"Equal","None",0.5,0.5,0.5,10,10,-0.5,0.1,0.05,0.025,0.7,0.7,50,50,5,5000
7,0.5,"Equal","None",0.5,0.5,0.5,10,10,-0.5,0.1,0.05,0.025,0.7,0.7,50,50,5,5000
8,0.5,"Equal","None",0.5,0.5,0.5,10,10,-0.5,0.1,0.05,0.025,0.7,0.7,50,50,5,5000
9,0.5,"Equal","None",0.5,0.5,0.5,10,10,-0.4,0.1,0.05,0.025,0.7,0.7,50,50,5,5000
10,0.5,"Equal","None",0.5,0.5,0.5,10,10,-0.4,0.1,0.05,0.025,0.7,0.7,50,50,5,5000
11,0.5,"Equal","None",0.5,0.5,0.5,10,10,-0.4,0.1,0.05,0.025,0.7,0.7,50,50,5,5000
12,0.5,"Equal","None",0.5,0.5,0.5,10,10,-0.4,0.1,0.05,0.025,0.7,0.7,50,50,5,5000
13,0.5,"Equal","None",0.5,0.5,0.5,10,30,-0.6,0.1,0.05,0.025,0.7,0.7,50,50,5,5000
14,0.5,"Equal","None",0.5,0.5,0.5,10,30,-0.6,0.1,0.05,0.025,0.7,0.7,50,50,5,5000
15,0.5,"Equal","None",0.5,0.5,0.5,10,30,-0.6,0.1,0.05,0.025,0.7,0.7,50,50,5,5000
16,0.5,"Equal","None",0.5,0.5,0.5,10,30,-0.6,0.1,0.05,0.025,0.7,0.7,50,50,5,5000
17,0.5,"Equal","None",0.5,0.5,0.5,10,30,-0.5,0.1,0.05,0.025,0.7,0.7,50,50,5,5000
18,0.5,"Equal","None",0.5,0.5,0.5,10,30,-0.5,0.1,0.05,0.025,0.7,0.7,50,50,5,5000
19,0.5,"Equal","None",0.5,0.5,0.5,10,30,-0.5,0.1,0.05,0.025,0.7,0.7,50,50,5,5000
20,0.5,"Equal","None",0.5,0.5,0.5,10,30,-0.5,0.1,0.05,0.025,0.7,0.7,50,50,5,5000
21,0.5,"Equal","None",0.5,0.5,0.5,10,30,-0.4,0.1,0.05,0.025,0.7,0.7,50,50,5,5000
22,0.5,"Equal","None",0.5,0.5,0.5,10,30,-0.4,0.1,0.05,0.025,0.7,0.7,50,50,5,5000
23,0.5,"Equal","None",0.5,0.5,0.5,10,30,-0.4,0.1,0.05,0.025,0.7,0.7,50,50,5,5000
24,0.5,"Equal","None",0.5,0.5,0.5,10,30,-0.4,0.1,0.05,0.025,0.7,0.7,50,50,5,5000
25,0.5,"Equal","None",0.5,0.5,0.5,20,10,-0.6,0.1,0.05,0.025,0.7,0.7,50,50,5,5000
26,0.5,"Equal","None",0.5,0.5,0.5,20,10,-0.6,0.1,0.05,0.025,0.7,0.7,50,50,5,5000
27,0.5,"Equal","None",0.5,0.5,0.5,20,10,-0.6,0.1,0.05,0.025,0.7,0.7,50,50,5,5000
28,0.5,"Equal","None",0.5,0.5,0.5,20,10,-0.6,0.1,0.05,0.025,0.7,0.7,50,50,5,5000
29,0.5,"Equal","None",0.5,0.5,0.5,20,10,-0.5,0.1,0.05,0.025,0.7,0.7,50,50,5,5000
30,0.5,"Equal","None",0.5,0.5,0.5,20,10,-0.5,0.1,0.05,0.025,0.7,0.7,50,50,5,5000
31,0.5,"Equal","None",0.5,0.5,0.5,20,10,-0.5,0.1,0.05,0.025,0.7,0.7,50,50,5,5000
32,0.5,"Equal","None",0.5,0.5,0.5,20,10,-0.5,0.1,0.05,0.025,0.7,0.7,50,50,5,5000
33,0.5,"Equal","None",0.5,0.5,0.5,20,10,-0.4,0.1,0.05,0.025,0.7,0.7,50,50,5,5000
34,0.5,"Equal","None",0.5,0.5,0.5,20,10,-0.4,0.1,0.05,0.025,0.7,0.7,50,50,5,5000
35,0.5,"Equal","None",0.5,0.5,0.5,20,10,-0.4,0.1,0.05,0.025,0.7,0.7,50,50,5,5000
36,0.5,"Equal","None",0.5,0.5,0.5,20,10,-0.4,0.1,0.05,0.025,0.7,0.7,50,50,5,5000
37,0.5,"Equal","None",0.5,0.5,0.5,20,30,-0.6,0.1,0.05,0.025,0.7,0.7,50,50,5,5000
38,0.5,"Equal","None",0.5,0.5,0.5,20,30,-0.6,0.1,0.05,0.025,0.7,0.7,50,50,5,5000
39,0.5,"Equal","None",0.5,0.5,0.5,20,30,-0.6,0.1,0.05,0.025,0.7,0.7,50,50,5,5000
40,0.5,"Equal","None",0.5,0.5,0.5,20,30,-0.6,0.1,0.05,0.025,0.7,0.7,50,50,5,5000
41,0.5,"Equal","None",0.5,0.5,0.5,20,30,-0.5,0.1,0.05,0.025,0.7,0.7,50,50,5,5000
42,0.5,"Equal","None",0.5,0.5,0.5,20,30,-0.5,0.1,0.05,0.025,0.7,0.7,50,50,5,5000
43,0.5,"Equal","None",0.5,0.5,0.5,20,30,-0.5,0.1,0.05,0.025,0.7,0.7,50,50,5,5000
44,0.5,"Equal","None",0.5,0.5,0.5,20,30,-0.5,0.1,0.05,0.025,0.7,0.7,50,50,5,5000
45,0.5,"Equal","None",0.5,0.5,0.5,20,30,-0.4,0.1,0.05,0.025,0.7,0.7,50,50,5,5000
46,0.5,"Equal","None",0.5,0.5,0.5,20,30,-0.4,0.1,0.05,0.025,0.7,0.7,50,50,5,5000
47,0.5,"Equal","None",0.5,0.5,0.5,20,30,-0.4,0.1,0.05,0.025,0.7,0.7,50,50,5,5000
48,0.5,"Equal","None",0.5,0.5,0.5,20,30,-0.4,0.1,0.05,0.025,0.7,0.7,50,50,5,5000
49,0.5,"Equal","None",0.5,0.5,0.5,30,10,-0.6,0.1,0.05,0.025,0.7,0.7,50,50,5,5000
50,0.5,"Equal","None",0.5,0.5,0.5,30,10,-0.6,0.1,0.05,0.025,0.7,0.7,50,50,5,5000
51,0.5,"Equal","None",0.5,0.5,0.5,30,10,-0.6,0.1,0.05,0.025,0.7,0.7,50,50,5,5000
52,0.5,"Equal","None",0.5,0.5,0.5,30,10,-0.6,0.1,0.05,0.025,0.7,0.7,50,50,5,5000
53,0.5,"Equal","None",0.5,0.5,0.5,30,10,-0.5,0.1,0.05,0.025,0.7,0.7,50,50,5,5000
54,0.5,"Equal","None",0.5,0.5,0.5,30,10,-0.5,0.1,0.05,0.025,0.7,0.7,50,50,5,5000
55,0.5,"Equal","None",0.5,0.5,0.5,30,10,-0.5,0.1,0.05,0.025,0.7,0.7,50,50,5,5000
56,0.5,"Equal","None",0.5,0.5,0.5,30,10,-0.5,0.1,0.05,0.025,0.7,0.7,50,50,5,5000
57,0.5,"Equal","None",0.5,0.5,0.5,30,10,-0.4,0.1,0.05,0.025,0.7,0.7,50,50,5,5000
58,0.5,"Equal","None",0.5,0.5,0.5,30,10,-0.4,0.1,0.05,0.025,0.7,0.7,50,50,5,5000
59,0.5,"Equal","None",0.5,0.5,0.5,30,10,-0.4,0.1,0.05,0.025,0.7,0.7,50,50,5,5000
60,0.5,"Equal","None",0.5,0.5,0.5,30,10,-0.4,0.1,0.05,0.025,0.7,0.7,50,50,5,5000
61,0.5,"Equal","None",0.5,0.5,0.5,30,30,-0.6,0.1,0.05,0.025,0.7,0.7,50,50,5,5000
62,0.5,"Equal","None",0.5,0.5,0.5,30,30,-0.6,0.1,0.05,0.025,0.7,0.7,50,50,5,5000
63,0.5,"Equal","None",0.5,0.5,0.5,30,30,-0.6,0.1,0.05,0.025,0.7,0.7,50,50,5,5000
64,0.5,"Equal","None",0.5,0.5,0.5,30,30,-0.6,0.1,0.05,0.025,0.7,0.7,50,50,5,5000
65,0.5,"Equal","None",0.5,0.5,0.5,30,30,-0.5,0.1,0.05,0.025,0.7,0.7,50,50,5,5000
66,0.5,"Equal","None",0.5,0.5,0.5,30,30,-0.5,0.1,0.05,0.025,0.7,0.7,50,50,5,5000
67,0.5,"Equal","None",0.5,0.5,0.5,30,30,-0.5,0.1,0.05,0.025,0.7,0.7,50,50,5,5000
68,0.5,"Equal","None",0.5,0.5,0.5,30,30,-0.5,0.1,0.05,0.025,0.7,0.7,50,50,5,5000
69,0.5,"Equal","None",0.5,0.5,0.5,30,30,-0.4,0.1,0.05,0.025,0.7,0.7,50,50,5,5000
70,0.5,"Equal","None",0.5,0.5,0.5,30,30,-0.4,0.1,0.05,0.025,0.7,0.7,50,50,5,5000
71,0.5,"Equal","None",0.5,0.5,0.5,30,30,-0.4,0.1,0.05,0.025,0.7,0.7,50,50,5,5000
72,0.5,"Equal","None",0.5,0.5,0.5,30,30,-0.4,0.1,0.05,0.025,0.7,0.7,50,50,5,5000
73,0.5,"Equal","None",0.5,0.5,0.5,50,10,-0.6,0.1,0.05,0.025,0.7,0.7,50,50,5,5000
74,0.5,"Equal","None",0.5,0.5,0.5,50,10,-0.6,0.1,0.05,0.025,0.7,0.7,50,50,5,5000
75,0.5,"Equal","None",0.5,0.5,0.5,50,10,-0.6,0.1,0.05,0.025,0.7,0.7,50,50,5,5000
76,0.5,"Equal","None",0.5,0.5,0.5,50,10,-0.6,0.1,0.05,0.025,0.7,0.7,50,50,5,5000
77,0.5,"Equal","None",0.5,0.5,0.5,50,10,-0.5,0.1,0.05,0.025,0.7,0.7,50,50,5,5000
78,0.5,"Equal","None",0.5,0.5,0.5,50,10,-0.5,0.1,0.05,0.025,0.7,0.7,50,50,5,5000
79,0.5,"Equal","None",0.5,0.5,0.5,50,10,-0.5,0.1,0.05,0.025,0.7,0.7,50,50,5,5000
80,0.5,"Equal","None",0.5,0.5,0.5,50,10,-0.5,0.1,0.05,0.025,0.7,0.7,50,50,5,5000
81,0.5,"Equal","None",0.5,0.5,0.5,50,10,-0.4,0.1,0.05,0.025,0.7,0.7,50,50,5,5000
82,0.5,"Equal","None",0.5,0.5,0.5,50,10,-0.4,0.1,0.05,0.025,0.7,0.7,50,50,5,5000
83,0.5,"Equal","None",0.5,0.5,0.5,50,10,-0.4,0.1,0.05,0.025,0.7,0.7,50,50,5,5000
84,0.5,"Equal","None",0.5,0.5,0.5,50,10,-0.4,0.1,0.05,0.025,0.7,0.7,50,50,5,5000
85,0.5,"Equal","None",0.5,0.5,0.5,50,30,-0.6,0.1,0.05,0.025,0.7,0.7,50,50,5,5000
86,0.5,"Equal","None",0.5,0.5,0.5,50,30,-0.6,0.1,0.05,0.025,0.7,0.7,50,50,5,5000
87,0.5,"Equal","None",0.5,0.5,0.5,50,30,-0.6,0.1,0.05,0.025,0.7,0.7,50,50,5,5000
88,0.5,"Equal","None",0.5,0.5,0.5,50,30,-0.6,0.1,0.05,0.025,0.7,0.7,50,50,5,5000
89,0.5,"Equal","None",0.5,0.5,0.5,50,30,-0.5,0.1,0.05,0.025,0.7,0.7,50,50,5,5000
90,0.5,"Equal","None",0.5,0.5,0.5,50,30,-0.5,0.1,0.05,0.025,0.7,0.7,50,50,5,5000
91,0.5,"Equal","None",0.5,0.5,0.5,50,30,-0.5,0.1,0.05,0.025,0.7,0.7,50,50,5,5000
92,0.5,"Equal","None",0.5,0.5,0.5,50,30,-0.5,0.1,0.05,0.025,0.7,0.7,50,50,5,5000
93,0.5,"Equal","None",0.5,0.5,0.5,50,30,-0.4,0.1,0.05,0.025,0.7,0.7,50,50,5,5000
94,0.5,"Equal","None",0.5,0.5,0.5,50,30,-0.4,0.1,0.05,0.025,0.7,0.7,50,50,5,5000
95,0.5,"Equal","None",0.5,0.5,0.5,50,30,-0.4,0.1,0.05,0.025,0.7,0.7,50,50,5,5000
96,0.5,"Equal","None",0.5,0.5,0.5,50,30,-0.4,0.1,0.05,0.025,0.7,0.7,50,50,5,5000
97,0.5,"Equal","None",0.573778856050576,0.56,0.56,10,10,-0.6,0.1,0.05,0.025,0.7,0.58,50,51.0675135602818,5,5000
98,0.5,"Equal","None",0.573778856050576,0.56,0.56,10,10,-0.6,0.1,0.05,0.025,0.7,0.58,50,51.0675135602818,5,5000
99,0.5,"Equal","None",0.573778856050576,0.56,0.56,10,10,-0.6,0.1,0.05,0.025,0.7,0.58,50,51.0675135602818,5,5000
100,0.5,"Equal","None",0.573778856050576,0.56,0.56,10,10,-0.6,0.1,0.05,0.025,0.7,0.58,50,51.0675135602818,5,5000
101,0.5,"Equal","None",0.573778856050576,0.56,0.56,10,30,-0.6,0.1,0.05,0.025,0.7,0.58,50,51.0675135602818,5,5000
102,0.5,"Equal","None",0.573778856050576,0.56,0.56,10,30,-0.6,0.1,0.05,0.025,0.7,0.58,50,51.0675135602818,5,5000
103,0.5,"Equal","None",0.573778856050576,0.56,0.56,10,30,-0.6,0.1,0.05,0.025,0.7,0.58,50,51.0675135602818,5,5000
104,0.5,"Equal","None",0.573778856050576,0.56,0.56,10,30,-0.6,0.1,0.05,0.025,0.7,0.58,50,51.0675135602818,5,5000
105,0.5,"Equal","None",0.573778856050576,0.56,0.56,20,10,-0.6,0.1,0.05,0.025,0.7,0.58,50,51.0675135602818,5,5000
106,0.5,"Equal","None",0.573778856050576,0.56,0.56,20,10,-0.6,0.1,0.05,0.025,0.7,0.58,50,51.0675135602818,5,5000
107,0.5,"Equal","None",0.573778856050576,0.56,0.56,20,10,-0.6,0.1,0.05,0.025,0.7,0.58,50,51.0675135602818,5,5000
108,0.5,"Equal","None",0.573778856050576,0.56,0.56,20,10,-0.6,0.1,0.05,0.025,0.7,0.58,50,51.0675135602818,5,5000
109,0.5,"Equal","None",0.573778856050576,0.56,0.56,20,30,-0.6,0.1,0.05,0.025,0.7,0.58,50,51.0675135602818,5,5000
110,0.5,"Equal","None",0.573778856050576,0.56,0.56,20,30,-0.6,0.1,0.05,0.025,0.7,0.58,50,51.0675135602818,5,5000
111,0.5,"Equal","None",0.573778856050576,0.56,0.56,20,30,-0.6,0.1,0.05,0.025,0.7,0.58,50,51.0675135602818,5,5000
112,0.5,"Equal","None",0.573778856050576,0.56,0.56,20,30,-0.6,0.1,0.05,0.025,0.7,0.58,50,51.0675135602818,5,5000
113,0.5,"Equal","None",0.573778856050576,0.56,0.56,30,10,-0.6,0.1,0.05,0.025,0.7,0.58,50,51.0675135602818,5,5000
114,0.5,"Equal","None",0.573778856050576,0.56,0.56,30,10,-0.6,0.1,0.05,0.025,0.7,0.58,50,51.0675135602818,5,5000
115,0.5,"Equal","None",0.573778856050576,0.56,0.56,30,10,-0.6,0.1,0.05,0.025,0.7,0.58,50,51.0675135602818,5,5000
116,0.5,"Equal","None",0.573778856050576,0.56,0.56,30,10,-0.6,0.1,0.05,0.025,0.7,0.58,50,51.0675135602818,5,5000
117,0.5,"Equal","None",0.573778856050576,0.56,0.56,30,30,-0.6,0.1,0.05,0.025,0.7,0.58,50,51.0675135602818,5,5000
118,0.5,"Equal","None",0.573778856050576,0.56,0.56,30,30,-0.6,0.1,0.05,0.025,0.7,0.58,50,51.0675135602818,5,5000
119,0.5,"Equal","None",0.573778856050576,0.56,0.56,30,30,-0.6,0.1,0.05,0.025,0.7,0.58,50,51.0675135602818,5,5000
120,0.5,"Equal","None",0.573778856050576,0.56,0.56,30,30,-0.6,0.1,0.05,0.025,0.7,0.58,50,51.0675135602818,5,5000
121,0.5,"Equal","None",0.573778856050576,0.56,0.56,50,10,-0.6,0.1,0.05,0.025,0.7,0.58,50,51.0675135602818,5,5000
122,0.5,"Equal","None",0.573778856050576,0.56,0.56,50,10,-0.6,0.1,0.05,0.025,0.7,0.58,50,51.0675135602818,5,5000
123,0.5,"Equal","None",0.573778856050576,0.56,0.56,50,10,-0.6,0.1,0.05,0.025,0.7,0.58,50,51.0675135602818,5,5000
124,0.5,"Equal","None",0.573778856050576,0.56,0.56,50,10,-0.6,0.1,0.05,0.025,0.7,0.58,50,51.0675135602818,5,5000
125,0.5,"Equal","None",0.573778856050576,0.56,0.56,50,30,-0.6,0.1,0.05,0.025,0.7,0.58,50,51.0675135602818,5,5000
126,0.5,"Equal","None",0.573778856050576,0.56,0.56,50,30,-0.6,0.1,0.05,0.025,0.7,0.58,50,51.0675135602818,5,5000
127,0.5,"Equal","None",0.573778856050576,0.56,0.56,50,30,-0.6,0.1,0.05,0.025,0.7,0.58,50,51.0675135602818,5,5000
128,0.5,"Equal","None",0.573778856050576,0.56,0.56,50,30,-0.6,0.1,0.05,0.025,0.7,0.58,50,51.0675135602818,5,5000
129,0.5,"Equal","None",0.576763130917345,0.56,0.56,10,10,-0.5,0.1,0.05,0.025,0.7,0.58,50,51.0675135602818,5,5000
130,0.5,"Equal","None",0.576763130917345,0.56,0.56,10,10,-0.5,0.1,0.05,0.025,0.7,0.58,50,51.0675135602818,5,5000
131,0.5,"Equal","None",0.576763130917345,0.56,0.56,10,10,-0.5,0.1,0.05,0.025,0.7,0.58,50,51.0675135602818,5,5000
132,0.5,"Equal","None",0.576763130917345,0.56,0.56,10,10,-0.5,0.1,0.05,0.025,0.7,0.58,50,51.0675135602818,5,5000
133,0.5,"Equal","None",0.576763130917345,0.56,0.56,10,30,-0.5,0.1,0.05,0.025,0.7,0.58,50,51.0675135602818,5,5000
134,0.5,"Equal","None",0.576763130917345,0.56,0.56,10,30,-0.5,0.1,0.05,0.025,0.7,0.58,50,51.0675135602818,5,5000
135,0.5,"Equal","None",0.576763130917345,0.56,0.56,10,30,-0.5,0.1,0.05,0.025,0.7,0.58,50,51.0675135602818,5,5000
136,0.5,"Equal","None",0.576763130917345,0.56,0.56,10,30,-0.5,0.1,0.05,0.025,0.7,0.58,50,51.0675135602818,5,5000
137,0.5,"Equal","None",0.576763130917345,0.56,0.56,20,10,-0.5,0.1,0.05,0.025,0.7,0.58,50,51.0675135602818,5,5000
138,0.5,"Equal","None",0.576763130917345,0.56,0.56,20,10,-0.5,0.1,0.05,0.025,0.7,0.58,50,51.0675135602818,5,5000
139,0.5,"Equal","None",0.576763130917345,0.56,0.56,20,10,-0.5,0.1,0.05,0.025,0.7,0.58,50,51.0675135602818,5,5000
140,0.5,"Equal","None",0.576763130917345,0.56,0.56,20,10,-0.5,0.1,0.05,0.025,0.7,0.58,50,51.0675135602818,5,5000
141,0.5,"Equal","None",0.576763130917345,0.56,0.56,20,30,-0.5,0.1,0.05,0.025,0.7,0.58,50,51.0675135602818,5,5000
142,0.5,"Equal","None",0.576763130917345,0.56,0.56,20,30,-0.5,0.1,0.05,0.025,0.7,0.58,50,51.0675135602818,5,5000
143,0.5,"Equal","None",0.576763130917345,0.56,0.56,20,30,-0.5,0.1,0.05,0.025,0.7,0.58,50,51.0675135602818,5,5000
144,0.5,"Equal","None",0.576763130917345,0.56,0.56,20,30,-0.5,0.1,0.05,0.025,0.7,0.58,50,51.0675135602818,5,5000
145,0.5,"Equal","None",0.576763130917345,0.56,0.56,30,10,-0.5,0.1,0.05,0.025,0.7,0.58,50,51.0675135602818,5,5000
146,0.5,"Equal","None",0.576763130917345,0.56,0.56,30,10,-0.5,0.1,0.05,0.025,0.7,0.58,50,51.0675135602818,5,5000
147,0.5,"Equal","None",0.576763130917345,0.56,0.56,30,10,-0.5,0.1,0.05,0.025,0.7,0.58,50,51.0675135602818,5,5000
148,0.5,"Equal","None",0.576763130917345,0.56,0.56,30,10,-0.5,0.1,0.05,0.025,0.7,0.58,50,51.0675135602818,5,5000
149,0.5,"Equal","None",0.576763130917345,0.56,0.56,30,30,-0.5,0.1,0.05,0.025,0.7,0.58,50,51.0675135602818,5,5000
150,0.5,"Equal","None",0.576763130917345,0.56,0.56,30,30,-0.5,0.1,0.05,0.025,0.7,0.58,50,51.0675135602818,5,5000
151,0.5,"Equal","None",0.576763130917345,0.56,0.56,30,30,-0.5,0.1,0.05,0.025,0.7,0.58,50,51.0675135602818,5,5000
152,0.5,"Equal","None",0.576763130917345,0.56,0.56,30,30,-0.5,0.1,0.05,0.025,0.7,0.58,50,51.0675135602818,5,5000
153,0.5,"Equal","None",0.576763130917345,0.56,0.56,50,10,-0.5,0.1,0.05,0.025,0.7,0.58,50,51.0675135602818,5,5000
154,0.5,"Equal","None",0.576763130917345,0.56,0.56,50,10,-0.5,0.1,0.05,0.025,0.7,0.58,50,51.0675135602818,5,5000
155,0.5,"Equal","None",0.576763130917345,0.56,0.56,50,10,-0.5,0.1,0.05,0.025,0.7,0.58,50,51.0675135602818,5,5000
156,0.5,"Equal","None",0.576763130917345,0.56,0.56,50,10,-0.5,0.1,0.05,0.025,0.7,0.58,50,51.0675135602818,5,5000
157,0.5,"Equal","None",0.576763130917345,0.56,0.56,50,30,-0.5,0.1,0.05,0.025,0.7,0.58,50,51.0675135602818,5,5000
158,0.5,"Equal","None",0.576763130917345,0.56,0.56,50,30,-0.5,0.1,0.05,0.025,0.7,0.58,50,51.0675135602818,5,5000
159,0.5,"Equal","None",0.576763130917345,0.56,0.56,50,30,-0.5,0.1,0.05,0.025,0.7,0.58,50,51.0675135602818,5,5000
160,0.5,"Equal","None",0.576763130917345,0.56,0.56,50,30,-0.5,0.1,0.05,0.025,0.7,0.58,50,51.0675135602818,5,5000
161,0.5,"Equal","None",0.579649017874988,0.56,0.56,10,10,-0.4,0.1,0.05,0.025,0.7,0.58,50,51.0675135602818,5,5000
162,0.5,"Equal","None",0.579649017874988,0.56,0.56,10,10,-0.4,0.1,0.05,0.025,0.7,0.58,50,51.0675135602818,5,5000
163,0.5,"Equal","None",0.579649017874988,0.56,0.56,10,10,-0.4,0.1,0.05,0.025,0.7,0.58,50,51.0675135602818,5,5000
164,0.5,"Equal","None",0.579649017874988,0.56,0.56,10,10,-0.4,0.1,0.05,0.025,0.7,0.58,50,51.0675135602818,5,5000
165,0.5,"Equal","None",0.579649017874988,0.56,0.56,10,30,-0.4,0.1,0.05,0.025,0.7,0.58,50,51.0675135602818,5,5000
166,0.5,"Equal","None",0.579649017874988,0.56,0.56,10,30,-0.4,0.1,0.05,0.025,0.7,0.58,50,51.0675135602818,5,5000
167,0.5,"Equal","None",0.579649017874988,0.56,0.56,10,30,-0.4,0.1,0.05,0.025,0.7,0.58,50,51.0675135602818,5,5000
168,0.5,"Equal","None",0.579649017874988,0.56,0.56,10,30,-0.4,0.1,0.05,0.025,0.7,0.58,50,51.0675135602818,5,5000
169,0.5,"Equal","None",0.579649017874988,0.56,0.56,20,10,-0.4,0.1,0.05,0.025,0.7,0.58,50,51.0675135602818,5,5000
170,0.5,"Equal","None",0.579649017874988,0.56,0.56,20,10,-0.4,0.1,0.05,0.025,0.7,0.58,50,51.0675135602818,5,5000
171,0.5,"Equal","None",0.579649017874988,0.56,0.56,20,10,-0.4,0.1,0.05,0.025,0.7,0.58,50,51.0675135602818,5,5000
172,0.5,"Equal","None",0.579649017874988,0.56,0.56,20,10,-0.4,0.1,0.05,0.025,0.7,0.58,50,51.0675135602818,5,5000
173,0.5,"Equal","None",0.579649017874988,0.56,0.56,20,30,-0.4,0.1,0.05,0.025,0.7,0.58,50,51.0675135602818,5,5000
174,0.5,"Equal","None",0.579649017874988,0.56,0.56,20,30,-0.4,0.1,0.05,0.025,0.7,0.58,50,51.0675135602818,5,5000
175,0.5,"Equal","None",0.579649017874988,0.56,0.56,20,30,-0.4,0.1,0.05,0.025,0.7,0.58,50,51.0675135602818,5,5000
176,0.5,"Equal","None",0.579649017874988,0.56,0.56,20,30,-0.4,0.1,0.05,0.025,0.7,0.58,50,51.0675135602818,5,5000
177,0.5,"Equal","None",0.579649017874988,0.56,0.56,30,10,-0.4,0.1,0.05,0.025,0.7,0.58,50,51.0675135602818,5,5000
178,0.5,"Equal","None",0.579649017874988,0.56,0.56,30,10,-0.4,0.1,0.05,0.025,0.7,0.58,50,51.0675135602818,5,5000
179,0.5,"Equal","None",0.579649017874988,0.56,0.56,30,10,-0.4,0.1,0.05,0.025,0.7,0.58,50,51.0675135602818,5,5000
180,0.5,"Equal","None",0.579649017874988,0.56,0.56,30,10,-0.4,0.1,0.05,0.025,0.7,0.58,50,51.0675135602818,5,5000
181,0.5,"Equal","None",0.579649017874988,0.56,0.56,30,30,-0.4,0.1,0.05,0.025,0.7,0.58,50,51.0675135602818,5,5000
182,0.5,"Equal","None",0.579649017874988,0.56,0.56,30,30,-0.4,0.1,0.05,0.025,0.7,0.58,50,51.0675135602818,5,5000
183,0.5,"Equal","None",0.579649017874988,0.56,0.56,30,30,-0.4,0.1,0.05,0.025,0.7,0.58,50,51.0675135602818,5,5000
184,0.5,"Equal","None",0.579649017874988,0.56,0.56,30,30,-0.4,0.1,0.05,0.025,0.7,0.58,50,51.0675135602818,5,5000
185,0.5,"Equal","None",0.579649017874988,0.56,0.56,50,10,-0.4,0.1,0.05,0.025,0.7,0.58,50,51.0675135602818,5,5000
186,0.5,"Equal","None",0.579649017874988,0.56,0.56,50,10,-0.4,0.1,0.05,0.025,0.7,0.58,50,51.0675135602818,5,5000
187,0.5,"Equal","None",0.579649017874988,0.56,0.56,50,10,-0.4,0.1,0.05,0.025,0.7,0.58,50,51.0675135602818,5,5000
188,0.5,"Equal","None",0.579649017874988,0.56,0.56,50,10,-0.4,0.1,0.05,0.025,0.7,0.58,50,51.0675135602818,5,5000
189,0.5,"Equal","None",0.579649017874988,0.56,0.56,50,30,-0.4,0.1,0.05,0.025,0.7,0.58,50,51.0675135602818,5,5000
190,0.5,"Equal","None",0.579649017874988,0.56,0.56,50,30,-0.4,0.1,0.05,0.025,0.7,0.58,50,51.0675135602818,5,5000
191,0.5,"Equal","None",0.579649017874988,0.56,0.56,50,30,-0.4,0.1,0.05,0.025,0.7,0.58,50,51.0675135602818,5,5000
192,0.5,"Equal","None",0.579649017874988,0.56,0.56,50,30,-0.4,0.1,0.05,0.025,0.7,0.58,50,51.0675135602818,5,5000
193,0.5,"Equal","None",0.666268493840694,0.64,0.64,10,10,-0.6,0.1,0.05,0.025,0.7,0.42,50,52.5346864348387,5,5000
194,0.5,"Equal","None",0.666268493840694,0.64,0.64,10,10,-0.6,0.1,0.05,0.025,0.7,0.42,50,52.5346864348387,5,5000
195,0.5,"Equal","None",0.666268493840694,0.64,0.64,10,10,-0.6,0.1,0.05,0.025,0.7,0.42,50,52.5346864348387,5,5000
196,0.5,"Equal","None",0.666268493840694,0.64,0.64,10,10,-0.6,0.1,0.05,0.025,0.7,0.42,50,52.5346864348387,5,5000
197,0.5,"Equal","None",0.666268493840694,0.64,0.64,10,30,-0.6,0.1,0.05,0.025,0.7,0.42,50,52.5346864348387,5,5000
198,0.5,"Equal","None",0.666268493840694,0.64,0.64,10,30,-0.6,0.1,0.05,0.025,0.7,0.42,50,52.5346864348387,5,5000
199,0.5,"Equal","None",0.666268493840694,0.64,0.64,10,30,-0.6,0.1,0.05,0.025,0.7,0.42,50,52.5346864348387,5,5000
200,0.5,"Equal","None",0.666268493840694,0.64,0.64,10,30,-0.6,0.1,0.05,0.025,0.7,0.42,50,52.5346864348387,5,5000
201,0.5,"Equal","None",0.666268493840694,0.64,0.64,20,10,-0.6,0.1,0.05,0.025,0.7,0.42,50,52.5346864348387,5,5000
202,0.5,"Equal","None",0.666268493840694,0.64,0.64,20,10,-0.6,0.1,0.05,0.025,0.7,0.42,50,52.5346864348387,5,5000
203,0.5,"Equal","None",0.666268493840694,0.64,0.64,20,10,-0.6,0.1,0.05,0.025,0.7,0.42,50,52.5346864348387,5,5000
204,0.5,"Equal","None",0.666268493840694,0.64,0.64,20,10,-0.6,0.1,0.05,0.025,0.7,0.42,50,52.5346864348387,5,5000
205,0.5,"Equal","None",0.666268493840694,0.64,0.64,20,30,-0.6,0.1,0.05,0.025,0.7,0.42,50,52.5346864348387,5,5000
206,0.5,"Equal","None",0.666268493840694,0.64,0.64,20,30,-0.6,0.1,0.05,0.025,0.7,0.42,50,52.5346864348387,5,5000
207,0.5,"Equal","None",0.666268493840694,0.64,0.64,20,30,-0.6,0.1,0.05,0.025,0.7,0.42,50,52.5346864348387,5,5000
208,0.5,"Equal","None",0.666268493840694,0.64,0.64,20,30,-0.6,0.1,0.05,0.025,0.7,0.42,50,52.5346864348387,5,5000
209,0.5,"Equal","None",0.666268493840694,0.64,0.64,30,10,-0.6,0.1,0.05,0.025,0.7,0.42,50,52.5346864348387,5,5000
210,0.5,"Equal","None",0.666268493840694,0.64,0.64,30,10,-0.6,0.1,0.05,0.025,0.7,0.42,50,52.5346864348387,5,5000
211,0.5,"Equal","None",0.666268493840694,0.64,0.64,30,10,-0.6,0.1,0.05,0.025,0.7,0.42,50,52.5346864348387,5,5000
212,0.5,"Equal","None",0.666268493840694,0.64,0.64,30,10,-0.6,0.1,0.05,0.025,0.7,0.42,50,52.5346864348387,5,5000
213,0.5,"Equal","None",0.666268493840694,0.64,0.64,30,30,-0.6,0.1,0.05,0.025,0.7,0.42,50,52.5346864348387,5,5000
214,0.5,"Equal","None",0.666268493840694,0.64,0.64,30,30,-0.6,0.1,0.05,0.025,0.7,0.42,50,52.5346864348387,5,5000
215,0.5,"Equal","None",0.666268493840694,0.64,0.64,30,30,-0.6,0.1,0.05,0.025,0.7,0.42,50,52.5346864348387,5,5000
216,0.5,"Equal","None",0.666268493840694,0.64,0.64,30,30,-0.6,0.1,0.05,0.025,0.7,0.42,50,52.5346864348387,5,5000
217,0.5,"Equal","None",0.666268493840694,0.64,0.64,50,10,-0.6,0.1,0.05,0.025,0.7,0.42,50,52.5346864348387,5,5000
218,0.5,"Equal","None",0.666268493840694,0.64,0.64,50,10,-0.6,0.1,0.05,0.025,0.7,0.42,50,52.5346864348387,5,5000
219,0.5,"Equal","None",0.666268493840694,0.64,0.64,50,10,-0.6,0.1,0.05,0.025,0.7,0.42,50,52.5346864348387,5,5000
220,0.5,"Equal","None",0.666268493840694,0.64,0.64,50,10,-0.6,0.1,0.05,0.025,0.7,0.42,50,52.5346864348387,5,5000
221,0.5,"Equal","None",0.666268493840694,0.64,0.64,50,30,-0.6,0.1,0.05,0.025,0.7,0.42,50,52.5346864348387,5,5000
222,0.5,"Equal","None",0.666268493840694,0.64,0.64,50,30,-0.6,0.1,0.05,0.025,0.7,0.42,50,52.5346864348387,5,5000
223,0.5,"Equal","None",0.666268493840694,0.64,0.64,50,30,-0.6,0.1,0.05,0.025,0.7,0.42,50,52.5346864348387,5,5000
224,0.5,"Equal","None",0.666268493840694,0.64,0.64,50,30,-0.6,0.1,0.05,0.025,0.7,0.42,50,52.5346864348387,5,5000
225,0.5,"Equal","None",0.672995128999974,0.64,0.64,10,10,-0.5,0.1,0.05,0.025,0.7,0.42,50,52.5346864348387,5,5000
226,0.5,"Equal","None",0.672995128999974,0.64,0.64,10,10,-0.5,0.1,0.05,0.025,0.7,0.42,50,52.5346864348387,5,5000
227,0.5,"Equal","None",0.672995128999974,0.64,0.64,10,10,-0.5,0.1,0.05,0.025,0.7,0.42,50,52.5346864348387,5,5000
228,0.5,"Equal","None",0.672995128999974,0.64,0.64,10,10,-0.5,0.1,0.05,0.025,0.7,0.42,50,52.5346864348387,5,5000
229,0.5,"Equal","None",0.672995128999974,0.64,0.64,10,30,-0.5,0.1,0.05,0.025,0.7,0.42,50,52.5346864348387,5,5000
230,0.5,"Equal","None",0.672995128999974,0.64,0.64,10,30,-0.5,0.1,0.05,0.025,0.7,0.42,50,52.5346864348387,5,5000
231,0.5,"Equal","None",0.672995128999974,0.64,0.64,10,30,-0.5,0.1,0.05,0.025,0.7,0.42,50,52.5346864348387,5,5000
232,0.5,"Equal","None",0.672995128999974,0.64,0.64,10,30,-0.5,0.1,0.05,0.025,0.7,0.42,50,52.5346864348387,5,5000
233,0.5,"Equal","None",0.672995128999974,0.64,0.64,20,10,-0.5,0.1,0.05,0.025,0.7,0.42,50,52.5346864348387,5,5000
234,0.5,"Equal","None",0.672995128999974,0.64,0.64,20,10,-0.5,0.1,0.05,0.025,0.7,0.42,50,52.5346864348387,5,5000
235,0.5,"Equal","None",0.672995128999974,0.64,0.64,20,10,-0.5,0.1,0.05,0.025,0.7,0.42,50,52.5346864348387,5,5000
236,0.5,"Equal","None",0.672995128999974,0.64,0.64,20,10,-0.5,0.1,0.05,0.025,0.7,0.42,50,52.5346864348387,5,5000
237,0.5,"Equal","None",0.672995128999974,0.64,0.64,20,30,-0.5,0.1,0.05,0.025,0.7,0.42,50,52.5346864348387,5,5000
238,0.5,"Equal","None",0.672995128999974,0.64,0.64,20,30,-0.5,0.1,0.05,0.025,0.7,0.42,50,52.5346864348387,5,5000
239,0.5,"Equal","None",0.672995128999974,0.64,0.64,20,30,-0.5,0.1,0.05,0.025,0.7,0.42,50,52.5346864348387,5,5000
240,0.5,"Equal","None",0.672995128999974,0.64,0.64,20,30,-0.5,0.1,0.05,0.025,0.7,0.42,50,52.5346864348387,5,5000
241,0.5,"Equal","None",0.672995128999974,0.64,0.64,30,10,-0.5,0.1,0.05,0.025,0.7,0.42,50,52.5346864348387,5,5000
242,0.5,"Equal","None",0.672995128999974,0.64,0.64,30,10,-0.5,0.1,0.05,0.025,0.7,0.42,50,52.5346864348387,5,5000
243,0.5,"Equal","None",0.672995128999974,0.64,0.64,30,10,-0.5,0.1,0.05,0.025,0.7,0.42,50,52.5346864348387,5,5000
244,0.5,"Equal","None",0.672995128999974,0.64,0.64,30,10,-0.5,0.1,0.05,0.025,0.7,0.42,50,52.5346864348387,5,5000
245,0.5,"Equal","None",0.672995128999974,0.64,0.64,30,30,-0.5,0.1,0.05,0.025,0.7,0.42,50,52.5346864348387,5,5000
246,0.5,"Equal","None",0.672995128999974,0.64,0.64,30,30,-0.5,0.1,0.05,0.025,0.7,0.42,50,52.5346864348387,5,5000
247,0.5,"Equal","None",0.672995128999974,0.64,0.64,30,30,-0.5,0.1,0.05,0.025,0.7,0.42,50,52.5346864348387,5,5000
248,0.5,"Equal","None",0.672995128999974,0.64,0.64,30,30,-0.5,0.1,0.05,0.025,0.7,0.42,50,52.5346864348387,5,5000
249,0.5,"Equal","None",0.672995128999974,0.64,0.64,50,10,-0.5,0.1,0.05,0.025,0.7,0.42,50,52.5346864348387,5,5000
250,0.5,"Equal","None",0.672995128999974,0.64,0.64,50,10,-0.5,0.1,0.05,0.025,0.7,0.42,50,52.5346864348387,5,5000
251,0.5,"Equal","None",0.672995128999974,0.64,0.64,50,10,-0.5,0.1,0.05,0.025,0.7,0.42,50,52.5346864348387,5,5000
252,0.5,"Equal","None",0.672995128999974,0.64,0.64,50,10,-0.5,0.1,0.05,0.025,0.7,0.42,50,52.5346864348387,5,5000
253,0.5,"Equal","None",0.672995128999974,0.64,0.64,50,30,-0.5,0.1,0.05,0.025,0.7,0.42,50,52.5346864348387,5,5000
254,0.5,"Equal","None",0.672995128999974,0.64,0.64,50,30,-0.5,0.1,0.05,0.025,0.7,0.42,50,52.5346864348387,5,5000
255,0.5,"Equal","None",0.672995128999974,0.64,0.64,50,30,-0.5,0.1,0.05,0.025,0.7,0.42,50,52.5346864348387,5,5000
256,0.5,"Equal","None",0.672995128999974,0.64,0.64,50,30,-0.5,0.1,0.05,0.025,0.7,0.42,50,52.5346864348387,5,5000
257,0.5,"Equal","None",0.67938201511112,0.64,0.64,10,10,-0.4,0.1,0.05,0.025,0.7,0.42,50,52.5346864348387,5,5000
258,0.5,"Equal","None",0.67938201511112,0.64,0.64,10,10,-0.4,0.1,0.05,0.025,0.7,0.42,50,52.5346864348387,5,5000
259,0.5,"Equal","None",0.67938201511112,0.64,0.64,10,10,-0.4,0.1,0.05,0.025,0.7,0.42,50,52.5346864348387,5,5000
260,0.5,"Equal","None",0.67938201511112,0.64,0.64,10,10,-0.4,0.1,0.05,0.025,0.7,0.42,50,52.5346864348387,5,5000
261,0.5,"Equal","None",0.67938201511112,0.64,0.64,10,30,-0.4,0.1,0.05,0.025,0.7,0.42,50,52.5346864348387,5,5000
262,0.5,"Equal","None",0.67938201511112,0.64,0.64,10,30,-0.4,0.1,0.05,0.025,0.7,0.42,50,52.5346864348387,5,5000
263,0.5,"Equal","None",0.67938201511112,0.64,0.64,10,30,-0.4,0.1,0.05,0.025,0.7,0.42,50,52.5346864348387,5,5000
264,0.5,"Equal","None",0.67938201511112,0.64,0.64,10,30,-0.4,0.1,0.05,0.025,0.7,0.42,50,52.5346864348387,5,5000
265,0.5,"Equal","None",0.67938201511112,0.64,0.64,20,10,-0.4,0.1,0.05,0.025,0.7,0.42,50,52.5346864348387,5,5000
266,0.5,"Equal","None",0.67938201511112,0.64,0.64,20,10,-0.4,0.1,0.05,0.025,0.7,0.42,50,52.5346864348387,5,5000
267,0.5,"Equal","None",0.67938201511112,0.64,0.64,20,10,-0.4,0.1,0.05,0.025,0.7,0.42,50,52.5346864348387,5,5000
268,0.5,"Equal","None",0.67938201511112,0.64,0.64,20,10,-0.4,0.1,0.05,0.025,0.7,0.42,50,52.5346864348387,5,5000
269,0.5,"Equal","None",0.67938201511112,0.64,0.64,20,30,-0.4,0.1,0.05,0.025,0.7,0.42,50,52.5346864348387,5,5000
270,0.5,"Equal","None",0.67938201511112,0.64,0.64,20,30,-0.4,0.1,0.05,0.025,0.7,0.42,50,52.5346864348387,5,5000
271,0.5,"Equal","None",0.67938201511112,0.64,0.64,20,30,-0.4,0.1,0.05,0.025,0.7,0.42,50,52.5346864348387,5,5000
272,0.5,"Equal","None",0.67938201511112,0.64,0.64,20,30,-0.4,0.1,0.05,0.025,0.7,0.42,50,52.5346864348387,5,5000
273,0.5,"Equal","None",0.67938201511112,0.64,0.64,30,10,-0.4,0.1,0.05,0.025,0.7,0.42,50,52.5346864348387,5,5000
274,0.5,"Equal","None",0.67938201511112,0.64,0.64,30,10,-0.4,0.1,0.05,0.025,0.7,0.42,50,52.5346864348387,5,5000
275,0.5,"Equal","None",0.67938201511112,0.64,0.64,30,10,-0.4,0.1,0.05,0.025,0.7,0.42,50,52.5346864348387,5,5000
276,0.5,"Equal","None",0.67938201511112,0.64,0.64,30,10,-0.4,0.1,0.05,0.025,0.7,0.42,50,52.5346864348387,5,5000
277,0.5,"Equal","None",0.67938201511112,0.64,0.64,30,30,-0.4,0.1,0.05,0.025,0.7,0.42,50,52.5346864348387,5,5000
278,0.5,"Equal","None",0.67938201511112,0.64,0.64,30,30,-0.4,0.1,0.05,0.025,0.7,0.42,50,52.5346864348387,5,5000
279,0.5,"Equal","None",0.67938201511112,0.64,0.64,30,30,-0.4,0.1,0.05,0.025,0.7,0.42,50,52.5346864348387,5,5000
280,0.5,"Equal","None",0.67938201511112,0.64,0.64,30,30,-0.4,0.1,0.05,0.025,0.7,0.42,50,52.5346864348387,5,5000
281,0.5,"Equal","None",0.67938201511112,0.64,0.64,50,10,-0.4,0.1,0.05,0.025,0.7,0.42,50,52.5346864348387,5,5000
282,0.5,"Equal","None",0.67938201511112,0.64,0.64,50,10,-0.4,0.1,0.05,0.025,0.7,0.42,50,52.5346864348387,5,5000
283,0.5,"Equal","None",0.67938201511112,0.64,0.64,50,10,-0.4,0.1,0.05,0.025,0.7,0.42,50,52.5346864348387,5,5000
284,0.5,"Equal","None",0.67938201511112,0.64,0.64,50,10,-0.4,0.1,0.05,0.025,0.7,0.42,50,52.5346864348387,5,5000
285,0.5,"Equal","None",0.67938201511112,0.64,0.64,50,30,-0.4,0.1,0.05,0.025,0.7,0.42,50,52.5346864348387,5,5000
286,0.5,"Equal","None",0.67938201511112,0.64,0.64,50,30,-0.4,0.1,0.05,0.025,0.7,0.42,50,52.5346864348387,5,5000
287,0.5,"Equal","None",0.67938201511112,0.64,0.64,50,30,-0.4,0.1,0.05,0.025,0.7,0.42,50,52.5346864348387,5,5000
288,0.5,"Equal","None",0.67938201511112,0.64,0.64,50,30,-0.4,0.1,0.05,0.025,0.7,0.42,50,52.5346864348387,5,5000
289,0.5,"Equal","None",0.742814526621859,0.71,0.71,10,10,-0.6,0.1,0.05,0.025,0.7,0.28,50,53.9130208780283,5,5000
290,0.5,"Equal","None",0.742814526621859,0.71,0.71,10,10,-0.6,0.1,0.05,0.025,0.7,0.28,50,53.9130208780283,5,5000
291,0.5,"Equal","None",0.742814526621859,0.71,0.71,10,10,-0.6,0.1,0.05,0.025,0.7,0.28,50,53.9130208780283,5,5000
292,0.5,"Equal","None",0.742814526621859,0.71,0.71,10,10,-0.6,0.1,0.05,0.025,0.7,0.28,50,53.9130208780283,5,5000
293,0.5,"Equal","None",0.742814526621859,0.71,0.71,10,30,-0.6,0.1,0.05,0.025,0.7,0.28,50,53.9130208780283,5,5000
294,0.5,"Equal","None",0.742814526621859,0.71,0.71,10,30,-0.6,0.1,0.05,0.025,0.7,0.28,50,53.9130208780283,5,5000
295,0.5,"Equal","None",0.742814526621859,0.71,0.71,10,30,-0.6,0.1,0.05,0.025,0.7,0.28,50,53.9130208780283,5,5000
296,0.5,"Equal","None",0.742814526621859,0.71,0.71,10,30,-0.6,0.1,0.05,0.025,0.7,0.28,50,53.9130208780283,5,5000
297,0.5,"Equal","None",0.742814526621859,0.71,0.71,20,10,-0.6,0.1,0.05,0.025,0.7,0.28,50,53.9130208780283,5,5000
298,0.5,"Equal","None",0.742814526621859,0.71,0.71,20,10,-0.6,0.1,0.05,0.025,0.7,0.28,50,53.9130208780283,5,5000
299,0.5,"Equal","None",0.742814526621859,0.71,0.71,20,10,-0.6,0.1,0.05,0.025,0.7,0.28,50,53.9130208780283,5,5000
300,0.5,"Equal","None",0.742814526621859,0.71,0.71,20,10,-0.6,0.1,0.05,0.025,0.7,0.28,50,53.9130208780283,5,5000
301,0.5,"Equal","None",0.742814526621859,0.71,0.71,20,30,-0.6,0.1,0.05,0.025,0.7,0.28,50,53.9130208780283,5,5000
302,0.5,"Equal","None",0.742814526621859,0.71,0.71,20,30,-0.6,0.1,0.05,0.025,0.7,0.28,50,53.9130208780283,5,5000
303,0.5,"Equal","None",0.742814526621859,0.71,0.71,20,30,-0.6,0.1,0.05,0.025,0.7,0.28,50,53.9130208780283,5,5000
304,0.5,"Equal","None",0.742814526621859,0.71,0.71,20,30,-0.6,0.1,0.05,0.025,0.7,0.28,50,53.9130208780283,5,5000
305,0.5,"Equal","None",0.742814526621859,0.71,0.71,30,10,-0.6,0.1,0.05,0.025,0.7,0.28,50,53.9130208780283,5,5000
306,0.5,"Equal","None",0.742814526621859,0.71,0.71,30,10,-0.6,0.1,0.05,0.025,0.7,0.28,50,53.9130208780283,5,5000
307,0.5,"Equal","None",0.742814526621859,0.71,0.71,30,10,-0.6,0.1,0.05,0.025,0.7,0.28,50,53.9130208780283,5,5000
308,0.5,"Equal","None",0.742814526621859,0.71,0.71,30,10,-0.6,0.1,0.05,0.025,0.7,0.28,50,53.9130208780283,5,5000
309,0.5,"Equal","None",0.742814526621859,0.71,0.71,30,30,-0.6,0.1,0.05,0.025,0.7,0.28,50,53.9130208780283,5,5000
310,0.5,"Equal","None",0.742814526621859,0.71,0.71,30,30,-0.6,0.1,0.05,0.025,0.7,0.28,50,53.9130208780283,5,5000
311,0.5,"Equal","None",0.742814526621859,0.71,0.71,30,30,-0.6,0.1,0.05,0.025,0.7,0.28,50,53.9130208780283,5,5000
312,0.5,"Equal","None",0.742814526621859,0.71,0.71,30,30,-0.6,0.1,0.05,0.025,0.7,0.28,50,53.9130208780283,5,5000
313,0.5,"Equal","None",0.742814526621859,0.71,0.71,50,10,-0.6,0.1,0.05,0.025,0.7,0.28,50,53.9130208780283,5,5000
314,0.5,"Equal","None",0.742814526621859,0.71,0.71,50,10,-0.6,0.1,0.05,0.025,0.7,0.28,50,53.9130208780283,5,5000
315,0.5,"Equal","None",0.742814526621859,0.71,0.71,50,10,-0.6,0.1,0.05,0.025,0.7,0.28,50,53.9130208780283,5,5000
316,0.5,"Equal","None",0.742814526621859,0.71,0.71,50,10,-0.6,0.1,0.05,0.025,0.7,0.28,50,53.9130208780283,5,5000
317,0.5,"Equal","None",0.742814526621859,0.71,0.71,50,30,-0.6,0.1,0.05,0.025,0.7,0.28,50,53.9130208780283,5,5000
318,0.5,"Equal","None",0.742814526621859,0.71,0.71,50,30,-0.6,0.1,0.05,0.025,0.7,0.28,50,53.9130208780283,5,5000
319,0.5,"Equal","None",0.742814526621859,0.71,0.71,50,30,-0.6,0.1,0.05,0.025,0.7,0.28,50,53.9130208780283,5,5000
320,0.5,"Equal","None",0.742814526621859,0.71,0.71,50,30,-0.6,0.1,0.05,0.025,0.7,0.28,50,53.9130208780283,5,5000
321,0.5,"Equal","None",0.752452099497788,0.71,0.71,10,10,-0.5,0.1,0.05,0.025,0.7,0.28,50,53.9130208780283,5,5000
322,0.5,"Equal","None",0.752452099497788,0.71,0.71,10,10,-0.5,0.1,0.05,0.025,0.7,0.28,50,53.9130208780283,5,5000
323,0.5,"Equal","None",0.752452099497788,0.71,0.71,10,10,-0.5,0.1,0.05,0.025,0.7,0.28,50,53.9130208780283,5,5000
324,0.5,"Equal","None",0.752452099497788,0.71,0.71,10,10,-0.5,0.1,0.05,0.025,0.7,0.28,50,53.9130208780283,5,5000
325,0.5,"Equal","None",0.752452099497788,0.71,0.71,10,30,-0.5,0.1,0.05,0.025,0.7,0.28,50,53.9130208780283,5,5000
326,0.5,"Equal","None",0.752452099497788,0.71,0.71,10,30,-0.5,0.1,0.05,0.025,0.7,0.28,50,53.9130208780283,5,5000
327,0.5,"Equal","None",0.752452099497788,0.71,0.71,10,30,-0.5,0.1,0.05,0.025,0.7,0.28,50,53.9130208780283,5,5000
328,0.5,"Equal","None",0.752452099497788,0.71,0.71,10,30,-0.5,0.1,0.05,0.025,0.7,0.28,50,53.9130208780283,5,5000
329,0.5,"Equal","None",0.752452099497788,0.71,0.71,20,10,-0.5,0.1,0.05,0.025,0.7,0.28,50,53.9130208780283,5,5000
330,0.5,"Equal","None",0.752452099497788,0.71,0.71,20,10,-0.5,0.1,0.05,0.025,0.7,0.28,50,53.9130208780283,5,5000
331,0.5,"Equal","None",0.752452099497788,0.71,0.71,20,10,-0.5,0.1,0.05,0.025,0.7,0.28,50,53.9130208780283,5,5000
332,0.5,"Equal","None",0.752452099497788,0.71,0.71,20,10,-0.5,0.1,0.05,0.025,0.7,0.28,50,53.9130208780283,5,5000
333,0.5,"Equal","None",0.752452099497788,0.71,0.71,20,30,-0.5,0.1,0.05,0.025,0.7,0.28,50,53.9130208780283,5,5000
334,0.5,"Equal","None",0.752452099497788,0.71,0.71,20,30,-0.5,0.1,0.05,0.025,0.7,0.28,50,53.9130208780283,5,5000
335,0.5,"Equal","None",0.752452099497788,0.71,0.71,20,30,-0.5,0.1,0.05,0.025,0.7,0.28,50,53.9130208780283,5,5000
336,0.5,"Equal","None",0.752452099497788,0.71,0.71,20,30,-0.5,0.1,0.05,0.025,0.7,0.28,50,53.9130208780283,5,5000
337,0.5,"Equal","None",0.752452099497788,0.71,0.71,30,10,-0.5,0.1,0.05,0.025,0.7,0.28,50,53.9130208780283,5,5000
338,0.5,"Equal","None",0.752452099497788,0.71,0.71,30,10,-0.5,0.1,0.05,0.025,0.7,0.28,50,53.9130208780283,5,5000
339,0.5,"Equal","None",0.752452099497788,0.71,0.71,30,10,-0.5,0.1,0.05,0.025,0.7,0.28,50,53.9130208780283,5,5000
340,0.5,"Equal","None",0.752452099497788,0.71,0.71,30,10,-0.5,0.1,0.05,0.025,0.7,0.28,50,53.9130208780283,5,5000
341,0.5,"Equal","None",0.752452099497788,0.71,0.71,30,30,-0.5,0.1,0.05,0.025,0.7,0.28,50,53.9130208780283,5,5000
342,0.5,"Equal","None",0.752452099497788,0.71,0.71,30,30,-0.5,0.1,0.05,0.025,0.7,0.28,50,53.9130208780283,5,5000
343,0.5,"Equal","None",0.752452099497788,0.71,0.71,30,30,-0.5,0.1,0.05,0.025,0.7,0.28,50,53.9130208780283,5,5000
344,0.5,"Equal","None",0.752452099497788,0.71,0.71,30,30,-0.5,0.1,0.05,0.025,0.7,0.28,50,53.9130208780283,5,5000
345,0.5,"Equal","None",0.752452099497788,0.71,0.71,50,10,-0.5,0.1,0.05,0.025,0.7,0.28,50,53.9130208780283,5,5000
346,0.5,"Equal","None",0.752452099497788,0.71,0.71,50,10,-0.5,0.1,0.05,0.025,0.7,0.28,50,53.9130208780283,5,5000
347,0.5,"Equal","None",0.752452099497788,0.71,0.71,50,10,-0.5,0.1,0.05,0.025,0.7,0.28,50,53.9130208780283,5,5000
348,0.5,"Equal","None",0.752452099497788,0.71,0.71,50,10,-0.5,0.1,0.05,0.025,0.7,0.28,50,53.9130208780283,5,5000
349,0.5,"Equal","None",0.752452099497788,0.71,0.71,50,30,-0.5,0.1,0.05,0.025,0.7,0.28,50,53.9130208780283,5,5000
350,0.5,"Equal","None",0.752452099497788,0.71,0.71,50,30,-0.5,0.1,0.05,0.025,0.7,0.28,50,53.9130208780283,5,5000
351,0.5,"Equal","None",0.752452099497788,0.71,0.71,50,30,-0.5,0.1,0.05,0.025,0.7,0.28,50,53.9130208780283,5,5000
352,0.5,"Equal","None",0.752452099497788,0.71,0.71,50,30,-0.5,0.1,0.05,0.025,0.7,0.28,50,53.9130208780283,5,5000
353,0.5,"Equal","None",0.761435080221738,0.71,0.71,10,10,-0.4,0.1,0.05,0.025,0.7,0.28,50,53.9130208780283,5,5000
354,0.5,"Equal","None",0.761435080221738,0.71,0.71,10,10,-0.4,0.1,0.05,0.025,0.7,0.28,50,53.9130208780283,5,5000
355,0.5,"Equal","None",0.761435080221738,0.71,0.71,10,10,-0.4,0.1,0.05,0.025,0.7,0.28,50,53.9130208780283,5,5000
356,0.5,"Equal","None",0.761435080221738,0.71,0.71,10,10,-0.4,0.1,0.05,0.025,0.7,0.28,50,53.9130208780283,5,5000
357,0.5,"Equal","None",0.761435080221738,0.71,0.71,10,30,-0.4,0.1,0.05,0.025,0.7,0.28,50,53.9130208780283,5,5000
358,0.5,"Equal","None",0.761435080221738,0.71,0.71,10,30,-0.4,0.1,0.05,0.025,0.7,0.28,50,53.9130208780283,5,5000
359,0.5,"Equal","None",0.761435080221738,0.71,0.71,10,30,-0.4,0.1,0.05,0.025,0.7,0.28,50,53.9130208780283,5,5000
360,0.5,"Equal","None",0.761435080221738,0.71,0.71,10,30,-0.4,0.1,0.05,0.025,0.7,0.28,50,53.9130208780283,5,5000
361,0.5,"Equal","None",0.761435080221738,0.71,0.71,20,10,-0.4,0.1,0.05,0.025,0.7,0.28,50,53.9130208780283,5,5000
362,0.5,"Equal","None",0.761435080221738,0.71,0.71,20,10,-0.4,0.1,0.05,0.025,0.7,0.28,50,53.9130208780283,5,5000
363,0.5,"Equal","None",0.761435080221738,0.71,0.71,20,10,-0.4,0.1,0.05,0.025,0.7,0.28,50,53.9130208780283,5,5000
364,0.5,"Equal","None",0.761435080221738,0.71,0.71,20,10,-0.4,0.1,0.05,0.025,0.7,0.28,50,53.9130208780283,5,5000
365,0.5,"Equal","None",0.761435080221738,0.71,0.71,20,30,-0.4,0.1,0.05,0.025,0.7,0.28,50,53.9130208780283,5,5000
366,0.5,"Equal","None",0.761435080221738,0.71,0.71,20,30,-0.4,0.1,0.05,0.025,0.7,0.28,50,53.9130208780283,5,5000
367,0.5,"Equal","None",0.761435080221738,0.71,0.71,20,30,-0.4,0.1,0.05,0.025,0.7,0.28,50,53.9130208780283,5,5000
368,0.5,"Equal","None",0.761435080221738,0.71,0.71,20,30,-0.4,0.1,0.05,0.025,0.7,0.28,50,53.9130208780283,5,5000
369,0.5,"Equal","None",0.761435080221738,0.71,0.71,30,10,-0.4,0.1,0.05,0.025,0.7,0.28,50,53.9130208780283,5,5000
370,0.5,"Equal","None",0.761435080221738,0.71,0.71,30,10,-0.4,0.1,0.05,0.025,0.7,0.28,50,53.9130208780283,5,5000
371,0.5,"Equal","None",0.761435080221738,0.71,0.71,30,10,-0.4,0.1,0.05,0.025,0.7,0.28,50,53.9130208780283,5,5000
372,0.5,"Equal","None",0.761435080221738,0.71,0.71,30,10,-0.4,0.1,0.05,0.025,0.7,0.28,50,53.9130208780283,5,5000
373,0.5,"Equal","None",0.761435080221738,0.71,0.71,30,30,-0.4,0.1,0.05,0.025,0.7,0.28,50,53.9130208780283,5,5000
374,0.5,"Equal","None",0.761435080221738,0.71,0.71,30,30,-0.4,0.1,0.05,0.025,0.7,0.28,50,53.9130208780283,5,5000
375,0.5,"Equal","None",0.761435080221738,0.71,0.71,30,30,-0.4,0.1,0.05,0.025,0.7,0.28,50,53.9130208780283,5,5000
376,0.5,"Equal","None",0.761435080221738,0.71,0.71,30,30,-0.4,0.1,0.05,0.025,0.7,0.28,50,53.9130208780283,5,5000
377,0.5,"Equal","None",0.761435080221738,0.71,0.71,50,10,-0.4,0.1,0.05,0.025,0.7,0.28,50,53.9130208780283,5,5000
378,0.5,"Equal","None",0.761435080221738,0.71,0.71,50,10,-0.4,0.1,0.05,0.025,0.7,0.28,50,53.9130208780283,5,5000
379,0.5,"Equal","None",0.761435080221738,0.71,0.71,50,10,-0.4,0.1,0.05,0.025,0.7,0.28,50,53.9130208780283,5,5000
380,0.5,"Equal","None",0.761435080221738,0.71,0.71,50,10,-0.4,0.1,0.05,0.025,0.7,0.28,50,53.9130208780283,5,5000
381,0.5,"Equal","None",0.761435080221738,0.71,0.71,50,30,-0.4,0.1,0.05,0.025,0.7,0.28,50,53.9130208780283,5,5000
382,0.5,"Equal","None",0.761435080221738,0.71,0.71,50,30,-0.4,0.1,0.05,0.025,0.7,0.28,50,53.9130208780283,5,5000
383,0.5,"Equal","None",0.761435080221738,0.71,0.71,50,30,-0.4,0.1,0.05,0.025,0.7,0.28,50,53.9130208780283,5,5000
384,0.5,"Equal","None",0.761435080221738,0.71,0.71,50,30,-0.4,0.1,0.05,0.025,0.7,0.28,50,53.9130208780283,5,5000
385,0.5,"Unequal","None",0.5,0.5,0.5,10,10,-0.6,0.1,0.05,0.025,0.7,0.7,50,50,5,5000
386,0.5,"Unequal","None",0.5,0.5,0.5,10,10,-0.6,0.1,0.05,0.025,0.7,0.7,50,50,5,5000
387,0.5,"Unequal","None",0.5,0.5,0.5,10,10,-0.6,0.1,0.05,0.025,0.7,0.7,50,50,5,5000
388,0.5,"Unequal","None",0.5,0.5,0.5,10,10,-0.6,0.1,0.05,0.025,0.7,0.7,50,50,5,5000
389,0.5,"Unequal","None",0.5,0.5,0.5,10,10,-0.5,0.1,0.05,0.025,0.7,0.7,50,50,5,5000
390,0.5,"Unequal","None",0.5,0.5,0.5,10,10,-0.5,0.1,0.05,0.025,0.7,0.7,50,50,5,5000
391,0.5,"Unequal","None",0.5,0.5,0.5,10,10,-0.5,0.1,0.05,0.025,0.7,0.7,50,50,5,5000
392,0.5,"Unequal","None",0.5,0.5,0.5,10,10,-0.5,0.1,0.05,0.025,0.7,0.7,50,50,5,5000
393,0.5,"Unequal","None",0.5,0.5,0.5,10,10,-0.4,0.1,0.05,0.025,0.7,0.7,50,50,5,5000
394,0.5,"Unequal","None",0.5,0.5,0.5,10,10,-0.4,0.1,0.05,0.025,0.7,0.7,50,50,5,5000
395,0.5,"Unequal","None",0.5,0.5,0.5,10,10,-0.4,0.1,0.05,0.025,0.7,0.7,50,50,5,5000
396,0.5,"Unequal","None",0.5,0.5,0.5,10,10,-0.4,0.1,0.05,0.025,0.7,0.7,50,50,5,5000
397,0.5,"Unequal","None",0.5,0.5,0.5,10,30,-0.6,0.1,0.05,0.025,0.7,0.7,50,50,5,5000
398,0.5,"Unequal","None",0.5,0.5,0.5,10,30,-0.6,0.1,0.05,0.025,0.7,0.7,50,50,5,5000
399,0.5,"Unequal","None",0.5,0.5,0.5,10,30,-0.6,0.1,0.05,0.025,0.7,0.7,50,50,5,5000
400,0.5,"Unequal","None",0.5,0.5,0.5,10,30,-0.6,0.1,0.05,0.025,0.7,0.7,50,50,5,5000
401,0.5,"Unequal","None",0.5,0.5,0.5,10,30,-0.5,0.1,0.05,0.025,0.7,0.7,50,50,5,5000
402,0.5,"Unequal","None",0.5,0.5,0.5,10,30,-0.5,0.1,0.05,0.025,0.7,0.7,50,50,5,5000
403,0.5,"Unequal","None",0.5,0.5,0.5,10,30,-0.5,0.1,0.05,0.025,0.7,0.7,50,50,5,5000
404,0.5,"Unequal","None",0.5,0.5,0.5,10,30,-0.5,0.1,0.05,0.025,0.7,0.7,50,50,5,5000
405,0.5,"Unequal","None",0.5,0.5,0.5,10,30,-0.4,0.1,0.05,0.025,0.7,0.7,50,50,5,5000
406,0.5,"Unequal","None",0.5,0.5,0.5,10,30,-0.4,0.1,0.05,0.025,0.7,0.7,50,50,5,5000
407,0.5,"Unequal","None",0.5,0.5,0.5,10,30,-0.4,0.1,0.05,0.025,0.7,0.7,50,50,5,5000
408,0.5,"Unequal","None",0.5,0.5,0.5,10,30,-0.4,0.1,0.05,0.025,0.7,0.7,50,50,5,5000
409,0.5,"Unequal","None",0.5,0.5,0.5,20,10,-0.6,0.1,0.05,0.025,0.7,0.7,50,50,5,5000
410,0.5,"Unequal","None",0.5,0.5,0.5,20,10,-0.6,0.1,0.05,0.025,0.7,0.7,50,50,5,5000
411,0.5,"Unequal","None",0.5,0.5,0.5,20,10,-0.6,0.1,0.05,0.025,0.7,0.7,50,50,5,5000
412,0.5,"Unequal","None",0.5,0.5,0.5,20,10,-0.6,0.1,0.05,0.025,0.7,0.7,50,50,5,5000
413,0.5,"Unequal","None",0.5,0.5,0.5,20,10,-0.5,0.1,0.05,0.025,0.7,0.7,50,50,5,5000
414,0.5,"Unequal","None",0.5,0.5,0.5,20,10,-0.5,0.1,0.05,0.025,0.7,0.7,50,50,5,5000
415,0.5,"Unequal","None",0.5,0.5,0.5,20,10,-0.5,0.1,0.05,0.025,0.7,0.7,50,50,5,5000
416,0.5,"Unequal","None",0.5,0.5,0.5,20,10,-0.5,0.1,0.05,0.025,0.7,0.7,50,50,5,5000
417,0.5,"Unequal","None",0.5,0.5,0.5,20,10,-0.4,0.1,0.05,0.025,0.7,0.7,50,50,5,5000
418,0.5,"Unequal","None",0.5,0.5,0.5,20,10,-0.4,0.1,0.05,0.025,0.7,0.7,50,50,5,5000
419,0.5,"Unequal","None",0.5,0.5,0.5,20,10,-0.4,0.1,0.05,0.025,0.7,0.7,50,50,5,5000
420,0.5,"Unequal","None",0.5,0.5,0.5,20,10,-0.4,0.1,0.05,0.025,0.7,0.7,50,50,5,5000
421,0.5,"Unequal","None",0.5,0.5,0.5,20,30,-0.6,0.1,0.05,0.025,0.7,0.7,50,50,5,5000
422,0.5,"Unequal","None",0.5,0.5,0.5,20,30,-0.6,0.1,0.05,0.025,0.7,0.7,50,50,5,5000
423,0.5,"Unequal","None",0.5,0.5,0.5,20,30,-0.6,0.1,0.05,0.025,0.7,0.7,50,50,5,5000
424,0.5,"Unequal","None",0.5,0.5,0.5,20,30,-0.6,0.1,0.05,0.025,0.7,0.7,50,50,5,5000
425,0.5,"Unequal","None",0.5,0.5,0.5,20,30,-0.5,0.1,0.05,0.025,0.7,0.7,50,50,5,5000
426,0.5,"Unequal","None",0.5,0.5,0.5,20,30,-0.5,0.1,0.05,0.025,0.7,0.7,50,50,5,5000
427,0.5,"Unequal","None",0.5,0.5,0.5,20,30,-0.5,0.1,0.05,0.025,0.7,0.7,50,50,5,5000
428,0.5,"Unequal","None",0.5,0.5,0.5,20,30,-0.5,0.1,0.05,0.025,0.7,0.7,50,50,5,5000
429,0.5,"Unequal","None",0.5,0.5,0.5,20,30,-0.4,0.1,0.05,0.025,0.7,0.7,50,50,5,5000
430,0.5,"Unequal","None",0.5,0.5,0.5,20,30,-0.4,0.1,0.05,0.025,0.7,0.7,50,50,5,5000
431,0.5,"Unequal","None",0.5,0.5,0.5,20,30,-0.4,0.1,0.05,0.025,0.7,0.7,50,50,5,5000
432,0.5,"Unequal","None",0.5,0.5,0.5,20,30,-0.4,0.1,0.05,0.025,0.7,0.7,50,50,5,5000
433,0.5,"Unequal","None",0.5,0.5,0.5,30,10,-0.6,0.1,0.05,0.025,0.7,0.7,50,50,5,5000
434,0.5,"Unequal","None",0.5,0.5,0.5,30,10,-0.6,0.1,0.05,0.025,0.7,0.7,50,50,5,5000
435,0.5,"Unequal","None",0.5,0.5,0.5,30,10,-0.6,0.1,0.05,0.025,0.7,0.7,50,50,5,5000
436,0.5,"Unequal","None",0.5,0.5,0.5,30,10,-0.6,0.1,0.05,0.025,0.7,0.7,50,50,5,5000
437,0.5,"Unequal","None",0.5,0.5,0.5,30,10,-0.5,0.1,0.05,0.025,0.7,0.7,50,50,5,5000
438,0.5,"Unequal","None",0.5,0.5,0.5,30,10,-0.5,0.1,0.05,0.025,0.7,0.7,50,50,5,5000
439,0.5,"Unequal","None",0.5,0.5,0.5,30,10,-0.5,0.1,0.05,0.025,0.7,0.7,50,50,5,5000
440,0.5,"Unequal","None",0.5,0.5,0.5,30,10,-0.5,0.1,0.05,0.025,0.7,0.7,50,50,5,5000
441,0.5,"Unequal","None",0.5,0.5,0.5,30,10,-0.4,0.1,0.05,0.025,0.7,0.7,50,50,5,5000
442,0.5,"Unequal","None",0.5,0.5,0.5,30,10,-0.4,0.1,0.05,0.025,0.7,0.7,50,50,5,5000
443,0.5,"Unequal","None",0.5,0.5,0.5,30,10,-0.4,0.1,0.05,0.025,0.7,0.7,50,50,5,5000
444,0.5,"Unequal","None",0.5,0.5,0.5,30,10,-0.4,0.1,0.05,0.025,0.7,0.7,50,50,5,5000
445,0.5,"Unequal","None",0.5,0.5,0.5,30,30,-0.6,0.1,0.05,0.025,0.7,0.7,50,50,5,5000
446,0.5,"Unequal","None",0.5,0.5,0.5,30,30,-0.6,0.1,0.05,0.025,0.7,0.7,50,50,5,5000
447,0.5,"Unequal","None",0.5,0.5,0.5,30,30,-0.6,0.1,0.05,0.025,0.7,0.7,50,50,5,5000
448,0.5,"Unequal","None",0.5,0.5,0.5,30,30,-0.6,0.1,0.05,0.025,0.7,0.7,50,50,5,5000
449,0.5,"Unequal","None",0.5,0.5,0.5,30,30,-0.5,0.1,0.05,0.025,0.7,0.7,50,50,5,5000
450,0.5,"Unequal","None",0.5,0.5,0.5,30,30,-0.5,0.1,0.05,0.025,0.7,0.7,50,50,5,5000
451,0.5,"Unequal","None",0.5,0.5,0.5,30,30,-0.5,0.1,0.05,0.025,0.7,0.7,50,50,5,5000
452,0.5,"Unequal","None",0.5,0.5,0.5,30,30,-0.5,0.1,0.05,0.025,0.7,0.7,50,50,5,5000
453,0.5,"Unequal","None",0.5,0.5,0.5,30,30,-0.4,0.1,0.05,0.025,0.7,0.7,50,50,5,5000
454,0.5,"Unequal","None",0.5,0.5,0.5,30,30,-0.4,0.1,0.05,0.025,0.7,0.7,50,50,5,5000
455,0.5,"Unequal","None",0.5,0.5,0.5,30,30,-0.4,0.1,0.05,0.025,0.7,0.7,50,50,5,5000
456,0.5,"Unequal","None",0.5,0.5,0.5,30,30,-0.4,0.1,0.05,0.025,0.7,0.7,50,50,5,5000
457,0.5,"Unequal","None",0.5,0.5,0.5,50,10,-0.6,0.1,0.05,0.025,0.7,0.7,50,50,5,5000
458,0.5,"Unequal","None",0.5,0.5,0.5,50,10,-0.6,0.1,0.05,0.025,0.7,0.7,50,50,5,5000
459,0.5,"Unequal","None",0.5,0.5,0.5,50,10,-0.6,0.1,0.05,0.025,0.7,0.7,50,50,5,5000
460,0.5,"Unequal","None",0.5,0.5,0.5,50,10,-0.6,0.1,0.05,0.025,0.7,0.7,50,50,5,5000
461,0.5,"Unequal","None",0.5,0.5,0.5,50,10,-0.5,0.1,0.05,0.025,0.7,0.7,50,50,5,5000
462,0.5,"Unequal","None",0.5,0.5,0.5,50,10,-0.5,0.1,0.05,0.025,0.7,0.7,50,50,5,5000
463,0.5,"Unequal","None",0.5,0.5,0.5,50,10,-0.5,0.1,0.05,0.025,0.7,0.7,50,50,5,5000
464,0.5,"Unequal","None",0.5,0.5,0.5,50,10,-0.5,0.1,0.05,0.025,0.7,0.7,50,50,5,5000
465,0.5,"Unequal","None",0.5,0.5,0.5,50,10,-0.4,0.1,0.05,0.025,0.7,0.7,50,50,5,5000
466,0.5,"Unequal","None",0.5,0.5,0.5,50,10,-0.4,0.1,0.05,0.025,0.7,0.7,50,50,5,5000
467,0.5,"Unequal","None",0.5,0.5,0.5,50,10,-0.4,0.1,0.05,0.025,0.7,0.7,50,50,5,5000
468,0.5,"Unequal","None",0.5,0.5,0.5,50,10,-0.4,0.1,0.05,0.025,0.7,0.7,50,50,5,5000
469,0.5,"Unequal","None",0.5,0.5,0.5,50,30,-0.6,0.1,0.05,0.025,0.7,0.7,50,50,5,5000
470,0.5,"Unequal","None",0.5,0.5,0.5,50,30,-0.6,0.1,0.05,0.025,0.7,0.7,50,50,5,5000
471,0.5,"Unequal","None",0.5,0.5,0.5,50,30,-0.6,0.1,0.05,0.025,0.7,0.7,50,50,5,5000
472,0.5,"Unequal","None",0.5,0.5,0.5,50,30,-0.6,0.1,0.05,0.025,0.7,0.7,50,50,5,5000
473,0.5,"Unequal","None",0.5,0.5,0.5,50,30,-0.5,0.1,0.05,0.025,0.7,0.7,50,50,5,5000
474,0.5,"Unequal","None",0.5,0.5,0.5,50,30,-0.5,0.1,0.05,0.025,0.7,0.7,50,50,5,5000
475,0.5,"Unequal","None",0.5,0.5,0.5,50,30,-0.5,0.1,0.05,0.025,0.7,0.7,50,50,5,5000
476,0.5,"Unequal","None",0.5,0.5,0.5,50,30,-0.5,0.1,0.05,0.025,0.7,0.7,50,50,5,5000
477,0.5,"Unequal","None",0.5,0.5,0.5,50,30,-0.4,0.1,0.05,0.025,0.7,0.7,50,50,5,5000
478,0.5,"Unequal","None",0.5,0.5,0.5,50,30,-0.4,0.1,0.05,0.025,0.7,0.7,50,50,5,5000
479,0.5,"Unequal","None",0.5,0.5,0.5,50,30,-0.4,0.1,0.05,0.025,0.7,0.7,50,50,5,5000
480,0.5,"Unequal","None",0.5,0.5,0.5,50,30,-0.4,0.1,0.05,0.025,0.7,0.7,50,50,5,5000
481,0.5,"Unequal","None",0.573778856050576,0.56,0.56,10,10,-0.6,0.1,0.05,0.025,0.7,0.58,50,51.0675135602818,5,5000
482,0.5,"Unequal","None",0.573778856050576,0.56,0.56,10,10,-0.6,0.1,0.05,0.025,0.7,0.58,50,51.0675135602818,5,5000
483,0.5,"Unequal","None",0.573778856050576,0.56,0.56,10,10,-0.6,0.1,0.05,0.025,0.7,0.58,50,51.0675135602818,5,5000
484,0.5,"Unequal","None",0.573778856050576,0.56,0.56,10,10,-0.6,0.1,0.05,0.025,0.7,0.58,50,51.0675135602818,5,5000
485,0.5,"Unequal","None",0.573778856050576,0.56,0.56,10,30,-0.6,0.1,0.05,0.025,0.7,0.58,50,51.0675135602818,5,5000
486,0.5,"Unequal","None",0.573778856050576,0.56,0.56,10,30,-0.6,0.1,0.05,0.025,0.7,0.58,50,51.0675135602818,5,5000
487,0.5,"Unequal","None",0.573778856050576,0.56,0.56,10,30,-0.6,0.1,0.05,0.025,0.7,0.58,50,51.0675135602818,5,5000
488,0.5,"Unequal","None",0.573778856050576,0.56,0.56,10,30,-0.6,0.1,0.05,0.025,0.7,0.58,50,51.0675135602818,5,5000
489,0.5,"Unequal","None",0.573778856050576,0.56,0.56,20,10,-0.6,0.1,0.05,0.025,0.7,0.58,50,51.0675135602818,5,5000
490,0.5,"Unequal","None",0.573778856050576,0.56,0.56,20,10,-0.6,0.1,0.05,0.025,0.7,0.58,50,51.0675135602818,5,5000
491,0.5,"Unequal","None",0.573778856050576,0.56,0.56,20,10,-0.6,0.1,0.05,0.025,0.7,0.58,50,51.0675135602818,5,5000
492,0.5,"Unequal","None",0.573778856050576,0.56,0.56,20,10,-0.6,0.1,0.05,0.025,0.7,0.58,50,51.0675135602818,5,5000
493,0.5,"Unequal","None",0.573778856050576,0.56,0.56,20,30,-0.6,0.1,0.05,0.025,0.7,0.58,50,51.0675135602818,5,5000
494,0.5,"Unequal","None",0.573778856050576,0.56,0.56,20,30,-0.6,0.1,0.05,0.025,0.7,0.58,50,51.0675135602818,5,5000
495,0.5,"Unequal","None",0.573778856050576,0.56,0.56,20,30,-0.6,0.1,0.05,0.025,0.7,0.58,50,51.0675135602818,5,5000
496,0.5,"Unequal","None",0.573778856050576,0.56,0.56,20,30,-0.6,0.1,0.05,0.025,0.7,0.58,50,51.0675135602818,5,5000
497,0.5,"Unequal","None",0.573778856050576,0.56,0.56,30,10,-0.6,0.1,0.05,0.025,0.7,0.58,50,51.0675135602818,5,5000
498,0.5,"Unequal","None",0.573778856050576,0.56,0.56,30,10,-0.6,0.1,0.05,0.025,0.7,0.58,50,51.0675135602818,5,5000
499,0.5,"Unequal","None",0.573778856050576,0.56,0.56,30,10,-0.6,0.1,0.05,0.025,0.7,0.58,50,51.0675135602818,5,5000
500,0.5,"Unequal","None",0.573778856050576,0.56,0.56,30,10,-0.6,0.1,0.05,0.025,0.7,0.58,50,51.0675135602818,5,5000
501,0.5,"Unequal","None",0.573778856050576,0.56,0.56,30,30,-0.6,0.1,0.05,0.025,0.7,0.58,50,51.0675135602818,5,5000
502,0.5,"Unequal","None",0.573778856050576,0.56,0.56,30,30,-0.6,0.1,0.05,0.025,0.7,0.58,50,51.0675135602818,5,5000
503,0.5,"Unequal","None",0.573778856050576,0.56,0.56,30,30,-0.6,0.1,0.05,0.025,0.7,0.58,50,51.0675135602818,5,5000
504,0.5,"Unequal","None",0.573778856050576,0.56,0.56,30,30,-0.6,0.1,0.05,0.025,0.7,0.58,50,51.0675135602818,5,5000
505,0.5,"Unequal","None",0.573778856050576,0.56,0.56,50,10,-0.6,0.1,0.05,0.025,0.7,0.58,50,51.0675135602818,5,5000
506,0.5,"Unequal","None",0.573778856050576,0.56,0.56,50,10,-0.6,0.1,0.05,0.025,0.7,0.58,50,51.0675135602818,5,5000
507,0.5,"Unequal","None",0.573778856050576,0.56,0.56,50,10,-0.6,0.1,0.05,0.025,0.7,0.58,50,51.0675135602818,5,5000
508,0.5,"Unequal","None",0.573778856050576,0.56,0.56,50,10,-0.6,0.1,0.05,0.025,0.7,0.58,50,51.0675135602818,5,5000
509,0.5,"Unequal","None",0.573778856050576,0.56,0.56,50,30,-0.6,0.1,0.05,0.025,0.7,0.58,50,51.0675135602818,5,5000
510,0.5,"Unequal","None",0.573778856050576,0.56,0.56,50,30,-0.6,0.1,0.05,0.025,0.7,0.58,50,51.0675135602818,5,5000
511,0.5,"Unequal","None",0.573778856050576,0.56,0.56,50,30,-0.6,0.1,0.05,0.025,0.7,0.58,50,51.0675135602818,5,5000
512,0.5,"Unequal","None",0.573778856050576,0.56,0.56,50,30,-0.6,0.1,0.05,0.025,0.7,0.58,50,51.0675135602818,5,5000
513,0.5,"Unequal","None",0.576763130917345,0.56,0.56,10,10,-0.5,0.1,0.05,0.025,0.7,0.58,50,51.0675135602818,5,5000
514,0.5,"Unequal","None",0.576763130917345,0.56,0.56,10,10,-0.5,0.1,0.05,0.025,0.7,0.58,50,51.0675135602818,5,5000
515,0.5,"Unequal","None",0.576763130917345,0.56,0.56,10,10,-0.5,0.1,0.05,0.025,0.7,0.58,50,51.0675135602818,5,5000
516,0.5,"Unequal","None",0.576763130917345,0.56,0.56,10,10,-0.5,0.1,0.05,0.025,0.7,0.58,50,51.0675135602818,5,5000
517,0.5,"Unequal","None",0.576763130917345,0.56,0.56,10,30,-0.5,0.1,0.05,0.025,0.7,0.58,50,51.0675135602818,5,5000
518,0.5,"Unequal","None",0.576763130917345,0.56,0.56,10,30,-0.5,0.1,0.05,0.025,0.7,0.58,50,51.0675135602818,5,5000
519,0.5,"Unequal","None",0.576763130917345,0.56,0.56,10,30,-0.5,0.1,0.05,0.025,0.7,0.58,50,51.0675135602818,5,5000
520,0.5,"Unequal","None",0.576763130917345,0.56,0.56,10,30,-0.5,0.1,0.05,0.025,0.7,0.58,50,51.0675135602818,5,5000
521,0.5,"Unequal","None",0.576763130917345,0.56,0.56,20,10,-0.5,0.1,0.05,0.025,0.7,0.58,50,51.0675135602818,5,5000
522,0.5,"Unequal","None",0.576763130917345,0.56,0.56,20,10,-0.5,0.1,0.05,0.025,0.7,0.58,50,51.0675135602818,5,5000
523,0.5,"Unequal","None",0.576763130917345,0.56,0.56,20,10,-0.5,0.1,0.05,0.025,0.7,0.58,50,51.0675135602818,5,5000
524,0.5,"Unequal","None",0.576763130917345,0.56,0.56,20,10,-0.5,0.1,0.05,0.025,0.7,0.58,50,51.0675135602818,5,5000
525,0.5,"Unequal","None",0.576763130917345,0.56,0.56,20,30,-0.5,0.1,0.05,0.025,0.7,0.58,50,51.0675135602818,5,5000
526,0.5,"Unequal","None",0.576763130917345,0.56,0.56,20,30,-0.5,0.1,0.05,0.025,0.7,0.58,50,51.0675135602818,5,5000
527,0.5,"Unequal","None",0.576763130917345,0.56,0.56,20,30,-0.5,0.1,0.05,0.025,0.7,0.58,50,51.0675135602818,5,5000
528,0.5,"Unequal","None",0.576763130917345,0.56,0.56,20,30,-0.5,0.1,0.05,0.025,0.7,0.58,50,51.0675135602818,5,5000
529,0.5,"Unequal","None",0.576763130917345,0.56,0.56,30,10,-0.5,0.1,0.05,0.025,0.7,0.58,50,51.0675135602818,5,5000
530,0.5,"Unequal","None",0.576763130917345,0.56,0.56,30,10,-0.5,0.1,0.05,0.025,0.7,0.58,50,51.0675135602818,5,5000
531,0.5,"Unequal","None",0.576763130917345,0.56,0.56,30,10,-0.5,0.1,0.05,0.025,0.7,0.58,50,51.0675135602818,5,5000
532,0.5,"Unequal","None",0.576763130917345,0.56,0.56,30,10,-0.5,0.1,0.05,0.025,0.7,0.58,50,51.0675135602818,5,5000
533,0.5,"Unequal","None",0.576763130917345,0.56,0.56,30,30,-0.5,0.1,0.05,0.025,0.7,0.58,50,51.0675135602818,5,5000
534,0.5,"Unequal","None",0.576763130917345,0.56,0.56,30,30,-0.5,0.1,0.05,0.025,0.7,0.58,50,51.0675135602818,5,5000
535,0.5,"Unequal","None",0.576763130917345,0.56,0.56,30,30,-0.5,0.1,0.05,0.025,0.7,0.58,50,51.0675135602818,5,5000
536,0.5,"Unequal","None",0.576763130917345,0.56,0.56,30,30,-0.5,0.1,0.05,0.025,0.7,0.58,50,51.0675135602818,5,5000
537,0.5,"Unequal","None",0.576763130917345,0.56,0.56,50,10,-0.5,0.1,0.05,0.025,0.7,0.58,50,51.0675135602818,5,5000
538,0.5,"Unequal","None",0.576763130917345,0.56,0.56,50,10,-0.5,0.1,0.05,0.025,0.7,0.58,50,51.0675135602818,5,5000
539,0.5,"Unequal","None",0.576763130917345,0.56,0.56,50,10,-0.5,0.1,0.05,0.025,0.7,0.58,50,51.0675135602818,5,5000
540,0.5,"Unequal","None",0.576763130917345,0.56,0.56,50,10,-0.5,0.1,0.05,0.025,0.7,0.58,50,51.0675135602818,5,5000
541,0.5,"Unequal","None",0.576763130917345,0.56,0.56,50,30,-0.5,0.1,0.05,0.025,0.7,0.58,50,51.0675135602818,5,5000
542,0.5,"Unequal","None",0.576763130917345,0.56,0.56,50,30,-0.5,0.1,0.05,0.025,0.7,0.58,50,51.0675135602818,5,5000
543,0.5,"Unequal","None",0.576763130917345,0.56,0.56,50,30,-0.5,0.1,0.05,0.025,0.7,0.58,50,51.0675135602818,5,5000
544,0.5,"Unequal","None",0.576763130917345,0.56,0.56,50,30,-0.5,0.1,0.05,0.025,0.7,0.58,50,51.0675135602818,5,5000
545,0.5,"Unequal","None",0.579649017874988,0.56,0.56,10,10,-0.4,0.1,0.05,0.025,0.7,0.58,50,51.0675135602818,5,5000
546,0.5,"Unequal","None",0.579649017874988,0.56,0.56,10,10,-0.4,0.1,0.05,0.025,0.7,0.58,50,51.0675135602818,5,5000
547,0.5,"Unequal","None",0.579649017874988,0.56,0.56,10,10,-0.4,0.1,0.05,0.025,0.7,0.58,50,51.0675135602818,5,5000
548,0.5,"Unequal","None",0.579649017874988,0.56,0.56,10,10,-0.4,0.1,0.05,0.025,0.7,0.58,50,51.0675135602818,5,5000
549,0.5,"Unequal","None",0.579649017874988,0.56,0.56,10,30,-0.4,0.1,0.05,0.025,0.7,0.58,50,51.0675135602818,5,5000
550,0.5,"Unequal","None",0.579649017874988,0.56,0.56,10,30,-0.4,0.1,0.05,0.025,0.7,0.58,50,51.0675135602818,5,5000
551,0.5,"Unequal","None",0.579649017874988,0.56,0.56,10,30,-0.4,0.1,0.05,0.025,0.7,0.58,50,51.0675135602818,5,5000
552,0.5,"Unequal","None",0.579649017874988,0.56,0.56,10,30,-0.4,0.1,0.05,0.025,0.7,0.58,50,51.0675135602818,5,5000
553,0.5,"Unequal","None",0.579649017874988,0.56,0.56,20,10,-0.4,0.1,0.05,0.025,0.7,0.58,50,51.0675135602818,5,5000
554,0.5,"Unequal","None",0.579649017874988,0.56,0.56,20,10,-0.4,0.1,0.05,0.025,0.7,0.58,50,51.0675135602818,5,5000
555,0.5,"Unequal","None",0.579649017874988,0.56,0.56,20,10,-0.4,0.1,0.05,0.025,0.7,0.58,50,51.0675135602818,5,5000
556,0.5,"Unequal","None",0.579649017874988,0.56,0.56,20,10,-0.4,0.1,0.05,0.025,0.7,0.58,50,51.0675135602818,5,5000
557,0.5,"Unequal","None",0.579649017874988,0.56,0.56,20,30,-0.4,0.1,0.05,0.025,0.7,0.58,50,51.0675135602818,5,5000
558,0.5,"Unequal","None",0.579649017874988,0.56,0.56,20,30,-0.4,0.1,0.05,0.025,0.7,0.58,50,51.0675135602818,5,5000
559,0.5,"Unequal","None",0.579649017874988,0.56,0.56,20,30,-0.4,0.1,0.05,0.025,0.7,0.58,50,51.0675135602818,5,5000
560,0.5,"Unequal","None",0.579649017874988,0.56,0.56,20,30,-0.4,0.1,0.05,0.025,0.7,0.58,50,51.0675135602818,5,5000
561,0.5,"Unequal","None",0.579649017874988,0.56,0.56,30,10,-0.4,0.1,0.05,0.025,0.7,0.58,50,51.0675135602818,5,5000
562,0.5,"Unequal","None",0.579649017874988,0.56,0.56,30,10,-0.4,0.1,0.05,0.025,0.7,0.58,50,51.0675135602818,5,5000
563,0.5,"Unequal","None",0.579649017874988,0.56,0.56,30,10,-0.4,0.1,0.05,0.025,0.7,0.58,50,51.0675135602818,5,5000
564,0.5,"Unequal","None",0.579649017874988,0.56,0.56,30,10,-0.4,0.1,0.05,0.025,0.7,0.58,50,51.0675135602818,5,5000
565,0.5,"Unequal","None",0.579649017874988,0.56,0.56,30,30,-0.4,0.1,0.05,0.025,0.7,0.58,50,51.0675135602818,5,5000
566,0.5,"Unequal","None",0.579649017874988,0.56,0.56,30,30,-0.4,0.1,0.05,0.025,0.7,0.58,50,51.0675135602818,5,5000
567,0.5,"Unequal","None",0.579649017874988,0.56,0.56,30,30,-0.4,0.1,0.05,0.025,0.7,0.58,50,51.0675135602818,5,5000
568,0.5,"Unequal","None",0.579649017874988,0.56,0.56,30,30,-0.4,0.1,0.05,0.025,0.7,0.58,50,51.0675135602818,5,5000
569,0.5,"Unequal","None",0.579649017874988,0.56,0.56,50,10,-0.4,0.1,0.05,0.025,0.7,0.58,50,51.0675135602818,5,5000
570,0.5,"Unequal","None",0.579649017874988,0.56,0.56,50,10,-0.4,0.1,0.05,0.025,0.7,0.58,50,51.0675135602818,5,5000
571,0.5,"Unequal","None",0.579649017874988,0.56,0.56,50,10,-0.4,0.1,0.05,0.025,0.7,0.58,50,51.0675135602818,5,5000
572,0.5,"Unequal","None",0.579649017874988,0.56,0.56,50,10,-0.4,0.1,0.05,0.025,0.7,0.58,50,51.0675135602818,5,5000
573,0.5,"Unequal","None",0.579649017874988,0.56,0.56,50,30,-0.4,0.1,0.05,0.025,0.7,0.58,50,51.0675135602818,5,5000
574,0.5,"Unequal","None",0.579649017874988,0.56,0.56,50,30,-0.4,0.1,0.05,0.025,0.7,0.58,50,51.0675135602818,5,5000
575,0.5,"Unequal","None",0.579649017874988,0.56,0.56,50,30,-0.4,0.1,0.05,0.025,0.7,0.58,50,51.0675135602818,5,5000
576,0.5,"Unequal","None",0.579649017874988,0.56,0.56,50,30,-0.4,0.1,0.05,0.025,0.7,0.58,50,51.0675135602818,5,5000
577,0.5,"Unequal","None",0.666268493840694,0.64,0.64,10,10,-0.6,0.1,0.05,0.025,0.7,0.42,50,52.5346864348387,5,5000
578,0.5,"Unequal","None",0.666268493840694,0.64,0.64,10,10,-0.6,0.1,0.05,0.025,0.7,0.42,50,52.5346864348387,5,5000
579,0.5,"Unequal","None",0.666268493840694,0.64,0.64,10,10,-0.6,0.1,0.05,0.025,0.7,0.42,50,52.5346864348387,5,5000
580,0.5,"Unequal","None",0.666268493840694,0.64,0.64,10,10,-0.6,0.1,0.05,0.025,0.7,0.42,50,52.5346864348387,5,5000
581,0.5,"Unequal","None",0.666268493840694,0.64,0.64,10,30,-0.6,0.1,0.05,0.025,0.7,0.42,50,52.5346864348387,5,5000
582,0.5,"Unequal","None",0.666268493840694,0.64,0.64,10,30,-0.6,0.1,0.05,0.025,0.7,0.42,50,52.5346864348387,5,5000
583,0.5,"Unequal","None",0.666268493840694,0.64,0.64,10,30,-0.6,0.1,0.05,0.025,0.7,0.42,50,52.5346864348387,5,5000
584,0.5,"Unequal","None",0.666268493840694,0.64,0.64,10,30,-0.6,0.1,0.05,0.025,0.7,0.42,50,52.5346864348387,5,5000
585,0.5,"Unequal","None",0.666268493840694,0.64,0.64,20,10,-0.6,0.1,0.05,0.025,0.7,0.42,50,52.5346864348387,5,5000
586,0.5,"Unequal","None",0.666268493840694,0.64,0.64,20,10,-0.6,0.1,0.05,0.025,0.7,0.42,50,52.5346864348387,5,5000
587,0.5,"Unequal","None",0.666268493840694,0.64,0.64,20,10,-0.6,0.1,0.05,0.025,0.7,0.42,50,52.5346864348387,5,5000
588,0.5,"Unequal","None",0.666268493840694,0.64,0.64,20,10,-0.6,0.1,0.05,0.025,0.7,0.42,50,52.5346864348387,5,5000
589,0.5,"Unequal","None",0.666268493840694,0.64,0.64,20,30,-0.6,0.1,0.05,0.025,0.7,0.42,50,52.5346864348387,5,5000
590,0.5,"Unequal","None",0.666268493840694,0.64,0.64,20,30,-0.6,0.1,0.05,0.025,0.7,0.42,50,52.5346864348387,5,5000
591,0.5,"Unequal","None",0.666268493840694,0.64,0.64,20,30,-0.6,0.1,0.05,0.025,0.7,0.42,50,52.5346864348387,5,5000
592,0.5,"Unequal","None",0.666268493840694,0.64,0.64,20,30,-0.6,0.1,0.05,0.025,0.7,0.42,50,52.5346864348387,5,5000
593,0.5,"Unequal","None",0.666268493840694,0.64,0.64,30,10,-0.6,0.1,0.05,0.025,0.7,0.42,50,52.5346864348387,5,5000
594,0.5,"Unequal","None",0.666268493840694,0.64,0.64,30,10,-0.6,0.1,0.05,0.025,0.7,0.42,50,52.5346864348387,5,5000
595,0.5,"Unequal","None",0.666268493840694,0.64,0.64,30,10,-0.6,0.1,0.05,0.025,0.7,0.42,50,52.5346864348387,5,5000
596,0.5,"Unequal","None",0.666268493840694,0.64,0.64,30,10,-0.6,0.1,0.05,0.025,0.7,0.42,50,52.5346864348387,5,5000
597,0.5,"Unequal","None",0.666268493840694,0.64,0.64,30,30,-0.6,0.1,0.05,0.025,0.7,0.42,50,52.5346864348387,5,5000
598,0.5,"Unequal","None",0.666268493840694,0.64,0.64,30,30,-0.6,0.1,0.05,0.025,0.7,0.42,50,52.5346864348387,5,5000
599,0.5,"Unequal","None",0.666268493840694,0.64,0.64,30,30,-0.6,0.1,0.05,0.025,0.7,0.42,50,52.5346864348387,5,5000
600,0.5,"Unequal","None",0.666268493840694,0.64,0.64,30,30,-0.6,0.1,0.05,0.025,0.7,0.42,50,52.5346864348387,5,5000
601,0.5,"Unequal","None",0.666268493840694,0.64,0.64,50,10,-0.6,0.1,0.05,0.025,0.7,0.42,50,52.5346864348387,5,5000
602,0.5,"Unequal","None",0.666268493840694,0.64,0.64,50,10,-0.6,0.1,0.05,0.025,0.7,0.42,50,52.5346864348387,5,5000
603,0.5,"Unequal","None",0.666268493840694,0.64,0.64,50,10,-0.6,0.1,0.05,0.025,0.7,0.42,50,52.5346864348387,5,5000
604,0.5,"Unequal","None",0.666268493840694,0.64,0.64,50,10,-0.6,0.1,0.05,0.025,0.7,0.42,50,52.5346864348387,5,5000
605,0.5,"Unequal","None",0.666268493840694,0.64,0.64,50,30,-0.6,0.1,0.05,0.025,0.7,0.42,50,52.5346864348387,5,5000
606,0.5,"Unequal","None",0.666268493840694,0.64,0.64,50,30,-0.6,0.1,0.05,0.025,0.7,0.42,50,52.5346864348387,5,5000
607,0.5,"Unequal","None",0.666268493840694,0.64,0.64,50,30,-0.6,0.1,0.05,0.025,0.7,0.42,50,52.5346864348387,5,5000
608,0.5,"Unequal","None",0.666268493840694,0.64,0.64,50,30,-0.6,0.1,0.05,0.025,0.7,0.42,50,52.5346864348387,5,5000
609,0.5,"Unequal","None",0.672995128999974,0.64,0.64,10,10,-0.5,0.1,0.05,0.025,0.7,0.42,50,52.5346864348387,5,5000
610,0.5,"Unequal","None",0.672995128999974,0.64,0.64,10,10,-0.5,0.1,0.05,0.025,0.7,0.42,50,52.5346864348387,5,5000
611,0.5,"Unequal","None",0.672995128999974,0.64,0.64,10,10,-0.5,0.1,0.05,0.025,0.7,0.42,50,52.5346864348387,5,5000
612,0.5,"Unequal","None",0.672995128999974,0.64,0.64,10,10,-0.5,0.1,0.05,0.025,0.7,0.42,50,52.5346864348387,5,5000
613,0.5,"Unequal","None",0.672995128999974,0.64,0.64,10,30,-0.5,0.1,0.05,0.025,0.7,0.42,50,52.5346864348387,5,5000
614,0.5,"Unequal","None",0.672995128999974,0.64,0.64,10,30,-0.5,0.1,0.05,0.025,0.7,0.42,50,52.5346864348387,5,5000
615,0.5,"Unequal","None",0.672995128999974,0.64,0.64,10,30,-0.5,0.1,0.05,0.025,0.7,0.42,50,52.5346864348387,5,5000
616,0.5,"Unequal","None",0.672995128999974,0.64,0.64,10,30,-0.5,0.1,0.05,0.025,0.7,0.42,50,52.5346864348387,5,5000
617,0.5,"Unequal","None",0.672995128999974,0.64,0.64,20,10,-0.5,0.1,0.05,0.025,0.7,0.42,50,52.5346864348387,5,5000
618,0.5,"Unequal","None",0.672995128999974,0.64,0.64,20,10,-0.5,0.1,0.05,0.025,0.7,0.42,50,52.5346864348387,5,5000
619,0.5,"Unequal","None",0.672995128999974,0.64,0.64,20,10,-0.5,0.1,0.05,0.025,0.7,0.42,50,52.5346864348387,5,5000
620,0.5,"Unequal","None",0.672995128999974,0.64,0.64,20,10,-0.5,0.1,0.05,0.025,0.7,0.42,50,52.5346864348387,5,5000
621,0.5,"Unequal","None",0.672995128999974,0.64,0.64,20,30,-0.5,0.1,0.05,0.025,0.7,0.42,50,52.5346864348387,5,5000
622,0.5,"Unequal","None",0.672995128999974,0.64,0.64,20,30,-0.5,0.1,0.05,0.025,0.7,0.42,50,52.5346864348387,5,5000
623,0.5,"Unequal","None",0.672995128999974,0.64,0.64,20,30,-0.5,0.1,0.05,0.025,0.7,0.42,50,52.5346864348387,5,5000
624,0.5,"Unequal","None",0.672995128999974,0.64,0.64,20,30,-0.5,0.1,0.05,0.025,0.7,0.42,50,52.5346864348387,5,5000
625,0.5,"Unequal","None",0.672995128999974,0.64,0.64,30,10,-0.5,0.1,0.05,0.025,0.7,0.42,50,52.5346864348387,5,5000
626,0.5,"Unequal","None",0.672995128999974,0.64,0.64,30,10,-0.5,0.1,0.05,0.025,0.7,0.42,50,52.5346864348387,5,5000
627,0.5,"Unequal","None",0.672995128999974,0.64,0.64,30,10,-0.5,0.1,0.05,0.025,0.7,0.42,50,52.5346864348387,5,5000
628,0.5,"Unequal","None",0.672995128999974,0.64,0.64,30,10,-0.5,0.1,0.05,0.025,0.7,0.42,50,52.5346864348387,5,5000
629,0.5,"Unequal","None",0.672995128999974,0.64,0.64,30,30,-0.5,0.1,0.05,0.025,0.7,0.42,50,52.5346864348387,5,5000
630,0.5,"Unequal","None",0.672995128999974,0.64,0.64,30,30,-0.5,0.1,0.05,0.025,0.7,0.42,50,52.5346864348387,5,5000
631,0.5,"Unequal","None",0.672995128999974,0.64,0.64,30,30,-0.5,0.1,0.05,0.025,0.7,0.42,50,52.5346864348387,5,5000
632,0.5,"Unequal","None",0.672995128999974,0.64,0.64,30,30,-0.5,0.1,0.05,0.025,0.7,0.42,50,52.5346864348387,5,5000
633,0.5,"Unequal","None",0.672995128999974,0.64,0.64,50,10,-0.5,0.1,0.05,0.025,0.7,0.42,50,52.5346864348387,5,5000
634,0.5,"Unequal","None",0.672995128999974,0.64,0.64,50,10,-0.5,0.1,0.05,0.025,0.7,0.42,50,52.5346864348387,5,5000
635,0.5,"Unequal","None",0.672995128999974,0.64,0.64,50,10,-0.5,0.1,0.05,0.025,0.7,0.42,50,52.5346864348387,5,5000
636,0.5,"Unequal","None",0.672995128999974,0.64,0.64,50,10,-0.5,0.1,0.05,0.025,0.7,0.42,50,52.5346864348387,5,5000
637,0.5,"Unequal","None",0.672995128999974,0.64,0.64,50,30,-0.5,0.1,0.05,0.025,0.7,0.42,50,52.5346864348387,5,5000
638,0.5,"Unequal","None",0.672995128999974,0.64,0.64,50,30,-0.5,0.1,0.05,0.025,0.7,0.42,50,52.5346864348387,5,5000
639,0.5,"Unequal","None",0.672995128999974,0.64,0.64,50,30,-0.5,0.1,0.05,0.025,0.7,0.42,50,52.5346864348387,5,5000
640,0.5,"Unequal","None",0.672995128999974,0.64,0.64,50,30,-0.5,0.1,0.05,0.025,0.7,0.42,50,52.5346864348387,5,5000
641,0.5,"Unequal","None",0.67938201511112,0.64,0.64,10,10,-0.4,0.1,0.05,0.025,0.7,0.42,50,52.5346864348387,5,5000
642,0.5,"Unequal","None",0.67938201511112,0.64,0.64,10,10,-0.4,0.1,0.05,0.025,0.7,0.42,50,52.5346864348387,5,5000
643,0.5,"Unequal","None",0.67938201511112,0.64,0.64,10,10,-0.4,0.1,0.05,0.025,0.7,0.42,50,52.5346864348387,5,5000
644,0.5,"Unequal","None",0.67938201511112,0.64,0.64,10,10,-0.4,0.1,0.05,0.025,0.7,0.42,50,52.5346864348387,5,5000
645,0.5,"Unequal","None",0.67938201511112,0.64,0.64,10,30,-0.4,0.1,0.05,0.025,0.7,0.42,50,52.5346864348387,5,5000
646,0.5,"Unequal","None",0.67938201511112,0.64,0.64,10,30,-0.4,0.1,0.05,0.025,0.7,0.42,50,52.5346864348387,5,5000
647,0.5,"Unequal","None",0.67938201511112,0.64,0.64,10,30,-0.4,0.1,0.05,0.025,0.7,0.42,50,52.5346864348387,5,5000
648,0.5,"Unequal","None",0.67938201511112,0.64,0.64,10,30,-0.4,0.1,0.05,0.025,0.7,0.42,50,52.5346864348387,5,5000
649,0.5,"Unequal","None",0.67938201511112,0.64,0.64,20,10,-0.4,0.1,0.05,0.025,0.7,0.42,50,52.5346864348387,5,5000
650,0.5,"Unequal","None",0.67938201511112,0.64,0.64,20,10,-0.4,0.1,0.05,0.025,0.7,0.42,50,52.5346864348387,5,5000
651,0.5,"Unequal","None",0.67938201511112,0.64,0.64,20,10,-0.4,0.1,0.05,0.025,0.7,0.42,50,52.5346864348387,5,5000
652,0.5,"Unequal","None",0.67938201511112,0.64,0.64,20,10,-0.4,0.1,0.05,0.025,0.7,0.42,50,52.5346864348387,5,5000
653,0.5,"Unequal","None",0.67938201511112,0.64,0.64,20,30,-0.4,0.1,0.05,0.025,0.7,0.42,50,52.5346864348387,5,5000
654,0.5,"Unequal","None",0.67938201511112,0.64,0.64,20,30,-0.4,0.1,0.05,0.025,0.7,0.42,50,52.5346864348387,5,5000
655,0.5,"Unequal","None",0.67938201511112,0.64,0.64,20,30,-0.4,0.1,0.05,0.025,0.7,0.42,50,52.5346864348387,5,5000
656,0.5,"Unequal","None",0.67938201511112,0.64,0.64,20,30,-0.4,0.1,0.05,0.025,0.7,0.42,50,52.5346864348387,5,5000
657,0.5,"Unequal","None",0.67938201511112,0.64,0.64,30,10,-0.4,0.1,0.05,0.025,0.7,0.42,50,52.5346864348387,5,5000
658,0.5,"Unequal","None",0.67938201511112,0.64,0.64,30,10,-0.4,0.1,0.05,0.025,0.7,0.42,50,52.5346864348387,5,5000
659,0.5,"Unequal","None",0.67938201511112,0.64,0.64,30,10,-0.4,0.1,0.05,0.025,0.7,0.42,50,52.5346864348387,5,5000
660,0.5,"Unequal","None",0.67938201511112,0.64,0.64,30,10,-0.4,0.1,0.05,0.025,0.7,0.42,50,52.5346864348387,5,5000
661,0.5,"Unequal","None",0.67938201511112,0.64,0.64,30,30,-0.4,0.1,0.05,0.025,0.7,0.42,50,52.5346864348387,5,5000
662,0.5,"Unequal","None",0.67938201511112,0.64,0.64,30,30,-0.4,0.1,0.05,0.025,0.7,0.42,50,52.5346864348387,5,5000
663,0.5,"Unequal","None",0.67938201511112,0.64,0.64,30,30,-0.4,0.1,0.05,0.025,0.7,0.42,50,52.5346864348387,5,5000
664,0.5,"Unequal","None",0.67938201511112,0.64,0.64,30,30,-0.4,0.1,0.05,0.025,0.7,0.42,50,52.5346864348387,5,5000
665,0.5,"Unequal","None",0.67938201511112,0.64,0.64,50,10,-0.4,0.1,0.05,0.025,0.7,0.42,50,52.5346864348387,5,5000
666,0.5,"Unequal","None",0.67938201511112,0.64,0.64,50,10,-0.4,0.1,0.05,0.025,0.7,0.42,50,52.5346864348387,5,5000
667,0.5,"Unequal","None",0.67938201511112,0.64,0.64,50,10,-0.4,0.1,0.05,0.025,0.7,0.42,50,52.5346864348387,5,5000
668,0.5,"Unequal","None",0.67938201511112,0.64,0.64,50,10,-0.4,0.1,0.05,0.025,0.7,0.42,50,52.5346864348387,5,5000
669,0.5,"Unequal","None",0.67938201511112,0.64,0.64,50,30,-0.4,0.1,0.05,0.025,0.7,0.42,50,52.5346864348387,5,5000
670,0.5,"Unequal","None",0.67938201511112,0.64,0.64,50,30,-0.4,0.1,0.05,0.025,0.7,0.42,50,52.5346864348387,5,5000
671,0.5,"Unequal","None",0.67938201511112,0.64,0.64,50,30,-0.4,0.1,0.05,0.025,0.7,0.42,50,52.5346864348387,5,5000
672,0.5,"Unequal","None",0.67938201511112,0.64,0.64,50,30,-0.4,0.1,0.05,0.025,0.7,0.42,50,52.5346864348387,5,5000
673,0.5,"Unequal","None",0.742814526621859,0.71,0.71,10,10,-0.6,0.1,0.05,0.025,0.7,0.28,50,53.9130208780283,5,5000
674,0.5,"Unequal","None",0.742814526621859,0.71,0.71,10,10,-0.6,0.1,0.05,0.025,0.7,0.28,50,53.9130208780283,5,5000
675,0.5,"Unequal","None",0.742814526621859,0.71,0.71,10,10,-0.6,0.1,0.05,0.025,0.7,0.28,50,53.9130208780283,5,5000
676,0.5,"Unequal","None",0.742814526621859,0.71,0.71,10,10,-0.6,0.1,0.05,0.025,0.7,0.28,50,53.9130208780283,5,5000
677,0.5,"Unequal","None",0.742814526621859,0.71,0.71,10,30,-0.6,0.1,0.05,0.025,0.7,0.28,50,53.9130208780283,5,5000
678,0.5,"Unequal","None",0.742814526621859,0.71,0.71,10,30,-0.6,0.1,0.05,0.025,0.7,0.28,50,53.9130208780283,5,5000
679,0.5,"Unequal","None",0.742814526621859,0.71,0.71,10,30,-0.6,0.1,0.05,0.025,0.7,0.28,50,53.9130208780283,5,5000
680,0.5,"Unequal","None",0.742814526621859,0.71,0.71,10,30,-0.6,0.1,0.05,0.025,0.7,0.28,50,53.9130208780283,5,5000
681,0.5,"Unequal","None",0.742814526621859,0.71,0.71,20,10,-0.6,0.1,0.05,0.025,0.7,0.28,50,53.9130208780283,5,5000
682,0.5,"Unequal","None",0.742814526621859,0.71,0.71,20,10,-0.6,0.1,0.05,0.025,0.7,0.28,50,53.9130208780283,5,5000
683,0.5,"Unequal","None",0.742814526621859,0.71,0.71,20,10,-0.6,0.1,0.05,0.025,0.7,0.28,50,53.9130208780283,5,5000
684,0.5,"Unequal","None",0.742814526621859,0.71,0.71,20,10,-0.6,0.1,0.05,0.025,0.7,0.28,50,53.9130208780283,5,5000
685,0.5,"Unequal","None",0.742814526621859,0.71,0.71,20,30,-0.6,0.1,0.05,0.025,0.7,0.28,50,53.9130208780283,5,5000
686,0.5,"Unequal","None",0.742814526621859,0.71,0.71,20,30,-0.6,0.1,0.05,0.025,0.7,0.28,50,53.9130208780283,5,5000
687,0.5,"Unequal","None",0.742814526621859,0.71,0.71,20,30,-0.6,0.1,0.05,0.025,0.7,0.28,50,53.9130208780283,5,5000
688,0.5,"Unequal","None",0.742814526621859,0.71,0.71,20,30,-0.6,0.1,0.05,0.025,0.7,0.28,50,53.9130208780283,5,5000
689,0.5,"Unequal","None",0.742814526621859,0.71,0.71,30,10,-0.6,0.1,0.05,0.025,0.7,0.28,50,53.9130208780283,5,5000
690,0.5,"Unequal","None",0.742814526621859,0.71,0.71,30,10,-0.6,0.1,0.05,0.025,0.7,0.28,50,53.9130208780283,5,5000
691,0.5,"Unequal","None",0.742814526621859,0.71,0.71,30,10,-0.6,0.1,0.05,0.025,0.7,0.28,50,53.9130208780283,5,5000
692,0.5,"Unequal","None",0.742814526621859,0.71,0.71,30,10,-0.6,0.1,0.05,0.025,0.7,0.28,50,53.9130208780283,5,5000
693,0.5,"Unequal","None",0.742814526621859,0.71,0.71,30,30,-0.6,0.1,0.05,0.025,0.7,0.28,50,53.9130208780283,5,5000
694,0.5,"Unequal","None",0.742814526621859,0.71,0.71,30,30,-0.6,0.1,0.05,0.025,0.7,0.28,50,53.9130208780283,5,5000
695,0.5,"Unequal","None",0.742814526621859,0.71,0.71,30,30,-0.6,0.1,0.05,0.025,0.7,0.28,50,53.9130208780283,5,5000
696,0.5,"Unequal","None",0.742814526621859,0.71,0.71,30,30,-0.6,0.1,0.05,0.025,0.7,0.28,50,53.9130208780283,5,5000
697,0.5,"Unequal","None",0.742814526621859,0.71,0.71,50,10,-0.6,0.1,0.05,0.025,0.7,0.28,50,53.9130208780283,5,5000
698,0.5,"Unequal","None",0.742814526621859,0.71,0.71,50,10,-0.6,0.1,0.05,0.025,0.7,0.28,50,53.9130208780283,5,5000
699,0.5,"Unequal","None",0.742814526621859,0.71,0.71,50,10,-0.6,0.1,0.05,0.025,0.7,0.28,50,53.9130208780283,5,5000
700,0.5,"Unequal","None",0.742814526621859,0.71,0.71,50,10,-0.6,0.1,0.05,0.025,0.7,0.28,50,53.9130208780283,5,5000
701,0.5,"Unequal","None",0.742814526621859,0.71,0.71,50,30,-0.6,0.1,0.05,0.025,0.7,0.28,50,53.9130208780283,5,5000
702,0.5,"Unequal","None",0.742814526621859,0.71,0.71,50,30,-0.6,0.1,0.05,0.025,0.7,0.28,50,53.9130208780283,5,5000
703,0.5,"Unequal","None",0.742814526621859,0.71,0.71,50,30,-0.6,0.1,0.05,0.025,0.7,0.28,50,53.9130208780283,5,5000
704,0.5,"Unequal","None",0.742814526621859,0.71,0.71,50,30,-0.6,0.1,0.05,0.025,0.7,0.28,50,53.9130208780283,5,5000
705,0.5,"Unequal","None",0.752452099497788,0.71,0.71,10,10,-0.5,0.1,0.05,0.025,0.7,0.28,50,53.9130208780283,5,5000
706,0.5,"Unequal","None",0.752452099497788,0.71,0.71,10,10,-0.5,0.1,0.05,0.025,0.7,0.28,50,53.9130208780283,5,5000
707,0.5,"Unequal","None",0.752452099497788,0.71,0.71,10,10,-0.5,0.1,0.05,0.025,0.7,0.28,50,53.9130208780283,5,5000
708,0.5,"Unequal","None",0.752452099497788,0.71,0.71,10,10,-0.5,0.1,0.05,0.025,0.7,0.28,50,53.9130208780283,5,5000
709,0.5,"Unequal","None",0.752452099497788,0.71,0.71,10,30,-0.5,0.1,0.05,0.025,0.7,0.28,50,53.9130208780283,5,5000
710,0.5,"Unequal","None",0.752452099497788,0.71,0.71,10,30,-0.5,0.1,0.05,0.025,0.7,0.28,50,53.9130208780283,5,5000
711,0.5,"Unequal","None",0.752452099497788,0.71,0.71,10,30,-0.5,0.1,0.05,0.025,0.7,0.28,50,53.9130208780283,5,5000
712,0.5,"Unequal","None",0.752452099497788,0.71,0.71,10,30,-0.5,0.1,0.05,0.025,0.7,0.28,50,53.9130208780283,5,5000
713,0.5,"Unequal","None",0.752452099497788,0.71,0.71,20,10,-0.5,0.1,0.05,0.025,0.7,0.28,50,53.9130208780283,5,5000
714,0.5,"Unequal","None",0.752452099497788,0.71,0.71,20,10,-0.5,0.1,0.05,0.025,0.7,0.28,50,53.9130208780283,5,5000
715,0.5,"Unequal","None",0.752452099497788,0.71,0.71,20,10,-0.5,0.1,0.05,0.025,0.7,0.28,50,53.9130208780283,5,5000
716,0.5,"Unequal","None",0.752452099497788,0.71,0.71,20,10,-0.5,0.1,0.05,0.025,0.7,0.28,50,53.9130208780283,5,5000
717,0.5,"Unequal","None",0.752452099497788,0.71,0.71,20,30,-0.5,0.1,0.05,0.025,0.7,0.28,50,53.9130208780283,5,5000
718,0.5,"Unequal","None",0.752452099497788,0.71,0.71,20,30,-0.5,0.1,0.05,0.025,0.7,0.28,50,53.9130208780283,5,5000
719,0.5,"Unequal","None",0.752452099497788,0.71,0.71,20,30,-0.5,0.1,0.05,0.025,0.7,0.28,50,53.9130208780283,5,5000
720,0.5,"Unequal","None",0.752452099497788,0.71,0.71,20,30,-0.5,0.1,0.05,0.025,0.7,0.28,50,53.9130208780283,5,5000
721,0.5,"Unequal","None",0.752452099497788,0.71,0.71,30,10,-0.5,0.1,0.05,0.025,0.7,0.28,50,53.9130208780283,5,5000
722,0.5,"Unequal","None",0.752452099497788,0.71,0.71,30,10,-0.5,0.1,0.05,0.025,0.7,0.28,50,53.9130208780283,5,5000
723,0.5,"Unequal","None",0.752452099497788,0.71,0.71,30,10,-0.5,0.1,0.05,0.025,0.7,0.28,50,53.9130208780283,5,5000
724,0.5,"Unequal","None",0.752452099497788,0.71,0.71,30,10,-0.5,0.1,0.05,0.025,0.7,0.28,50,53.9130208780283,5,5000
725,0.5,"Unequal","None",0.752452099497788,0.71,0.71,30,30,-0.5,0.1,0.05,0.025,0.7,0.28,50,53.9130208780283,5,5000
726,0.5,"Unequal","None",0.752452099497788,0.71,0.71,30,30,-0.5,0.1,0.05,0.025,0.7,0.28,50,53.9130208780283,5,5000
727,0.5,"Unequal","None",0.752452099497788,0.71,0.71,30,30,-0.5,0.1,0.05,0.025,0.7,0.28,50,53.9130208780283,5,5000
728,0.5,"Unequal","None",0.752452099497788,0.71,0.71,30,30,-0.5,0.1,0.05,0.025,0.7,0.28,50,53.9130208780283,5,5000
729,0.5,"Unequal","None",0.752452099497788,0.71,0.71,50,10,-0.5,0.1,0.05,0.025,0.7,0.28,50,53.9130208780283,5,5000
730,0.5,"Unequal","None",0.752452099497788,0.71,0.71,50,10,-0.5,0.1,0.05,0.025,0.7,0.28,50,53.9130208780283,5,5000
731,0.5,"Unequal","None",0.752452099497788,0.71,0.71,50,10,-0.5,0.1,0.05,0.025,0.7,0.28,50,53.9130208780283,5,5000
732,0.5,"Unequal","None",0.752452099497788,0.71,0.71,50,10,-0.5,0.1,0.05,0.025,0.7,0.28,50,53.9130208780283,5,5000
733,0.5,"Unequal","None",0.752452099497788,0.71,0.71,50,30,-0.5,0.1,0.05,0.025,0.7,0.28,50,53.9130208780283,5,5000
734,0.5,"Unequal","None",0.752452099497788,0.71,0.71,50,30,-0.5,0.1,0.05,0.025,0.7,0.28,50,53.9130208780283,5,5000
735,0.5,"Unequal","None",0.752452099497788,0.71,0.71,50,30,-0.5,0.1,0.05,0.025,0.7,0.28,50,53.9130208780283,5,5000
736,0.5,"Unequal","None",0.752452099497788,0.71,0.71,50,30,-0.5,0.1,0.05,0.025,0.7,0.28,50,53.9130208780283,5,5000
737,0.5,"Unequal","None",0.761435080221738,0.71,0.71,10,10,-0.4,0.1,0.05,0.025,0.7,0.28,50,53.9130208780283,5,5000
738,0.5,"Unequal","None",0.761435080221738,0.71,0.71,10,10,-0.4,0.1,0.05,0.025,0.7,0.28,50,53.9130208780283,5,5000
739,0.5,"Unequal","None",0.761435080221738,0.71,0.71,10,10,-0.4,0.1,0.05,0.025,0.7,0.28,50,53.9130208780283,5,5000
740,0.5,"Unequal","None",0.761435080221738,0.71,0.71,10,10,-0.4,0.1,0.05,0.025,0.7,0.28,50,53.9130208780283,5,5000
741,0.5,"Unequal","None",0.761435080221738,0.71,0.71,10,30,-0.4,0.1,0.05,0.025,0.7,0.28,50,53.9130208780283,5,5000
742,0.5,"Unequal","None",0.761435080221738,0.71,0.71,10,30,-0.4,0.1,0.05,0.025,0.7,0.28,50,53.9130208780283,5,5000
743,0.5,"Unequal","None",0.761435080221738,0.71,0.71,10,30,-0.4,0.1,0.05,0.025,0.7,0.28,50,53.9130208780283,5,5000
744,0.5,"Unequal","None",0.761435080221738,0.71,0.71,10,30,-0.4,0.1,0.05,0.025,0.7,0.28,50,53.9130208780283,5,5000
745,0.5,"Unequal","None",0.761435080221738,0.71,0.71,20,10,-0.4,0.1,0.05,0.025,0.7,0.28,50,53.9130208780283,5,5000
746,0.5,"Unequal","None",0.761435080221738,0.71,0.71,20,10,-0.4,0.1,0.05,0.025,0.7,0.28,50,53.9130208780283,5,5000
747,0.5,"Unequal","None",0.761435080221738,0.71,0.71,20,10,-0.4,0.1,0.05,0.025,0.7,0.28,50,53.9130208780283,5,5000
748,0.5,"Unequal","None",0.761435080221738,0.71,0.71,20,10,-0.4,0.1,0.05,0.025,0.7,0.28,50,53.9130208780283,5,5000
749,0.5,"Unequal","None",0.761435080221738,0.71,0.71,20,30,-0.4,0.1,0.05,0.025,0.7,0.28,50,53.9130208780283,5,5000
750,0.5,"Unequal","None",0.761435080221738,0.71,0.71,20,30,-0.4,0.1,0.05,0.025,0.7,0.28,50,53.9130208780283,5,5000
751,0.5,"Unequal","None",0.761435080221738,0.71,0.71,20,30,-0.4,0.1,0.05,0.025,0.7,0.28,50,53.9130208780283,5,5000
752,0.5,"Unequal","None",0.761435080221738,0.71,0.71,20,30,-0.4,0.1,0.05,0.025,0.7,0.28,50,53.9130208780283,5,5000
753,0.5,"Unequal","None",0.761435080221738,0.71,0.71,30,10,-0.4,0.1,0.05,0.025,0.7,0.28,50,53.9130208780283,5,5000
754,0.5,"Unequal","None",0.761435080221738,0.71,0.71,30,10,-0.4,0.1,0.05,0.025,0.7,0.28,50,53.9130208780283,5,5000
755,0.5,"Unequal","None",0.761435080221738,0.71,0.71,30,10,-0.4,0.1,0.05,0.025,0.7,0.28,50,53.9130208780283,5,5000
756,0.5,"Unequal","None",0.761435080221738,0.71,0.71,30,10,-0.4,0.1,0.05,0.025,0.7,0.28,50,53.9130208780283,5,5000
757,0.5,"Unequal","None",0.761435080221738,0.71,0.71,30,30,-0.4,0.1,0.05,0.025,0.7,0.28,50,53.9130208780283,5,5000
758,0.5,"Unequal","None",0.761435080221738,0.71,0.71,30,30,-0.4,0.1,0.05,0.025,0.7,0.28,50,53.9130208780283,5,5000
759,0.5,"Unequal","None",0.761435080221738,0.71,0.71,30,30,-0.4,0.1,0.05,0.025,0.7,0.28,50,53.9130208780283,5,5000
760,0.5,"Unequal","None",0.761435080221738,0.71,0.71,30,30,-0.4,0.1,0.05,0.025,0.7,0.28,50,53.9130208780283,5,5000
761,0.5,"Unequal","None",0.761435080221738,0.71,0.71,50,10,-0.4,0.1,0.05,0.025,0.7,0.28,50,53.9130208780283,5,5000
762,0.5,"Unequal","None",0.761435080221738,0.71,0.71,50,10,-0.4,0.1,0.05,0.025,0.7,0.28,50,53.9130208780283,5,5000
763,0.5,"Unequal","None",0.761435080221738,0.71,0.71,50,10,-0.4,0.1,0.05,0.025,0.7,0.28,50,53.9130208780283,5,5000
764,0.5,"Unequal","None",0.761435080221738,0.71,0.71,50,10,-0.4,0.1,0.05,0.025,0.7,0.28,50,53.9130208780283,5,5000
765,0.5,"Unequal","None",0.761435080221738,0.71,0.71,50,30,-0.4,0.1,0.05,0.025,0.7,0.28,50,53.9130208780283,5,5000
766,0.5,"Unequal","None",0.761435080221738,0.71,0.71,50,30,-0.4,0.1,0.05,0.025,0.7,0.28,50,53.9130208780283,5,5000
767,0.5,"Unequal","None",0.761435080221738,0.71,0.71,50,30,-0.4,0.1,0.05,0.025,0.7,0.28,50,53.9130208780283,5,5000
768,0.5,"Unequal","None",0.761435080221738,0.71,0.71,50,30,-0.4,0.1,0.05,0.025,0.7,0.28,50,53.9130208780283,5,5000
